filename,id,area_px,equiv_diameter_px,centroid_x,centroid_y,perimeter_px,circularity
Img000000.tif,1,372.0,21.76338922689847,954.3817204301075,188.3709677419355,114.18376618407356,0.35854533553467083
Img000000.tif,3,334.0,20.62188177498708,1017.0449101796407,206.79640718562874,85.52691193458118,0.5737870572897343
Img000000.tif,4,13.0,4.068428945128219,980.0,213.0,11.0,
Img000000.tif,10,8.0,3.1915382432114616,928.375,221.875,8.414213562373096,
Img000000.tif,13,400.0,22.56758334191025,1230.3675,232.445,176.63961030678928,0.1610993022759846
Img000000.tif,14,42.0,7.312732791431452,871.9285714285714,229.16666666666666,25.27817459305202,0.8259765852781512
Img000000.tif,16,393.0,22.36924542940416,1176.4274809160306,232.15776081424937,93.6274169979695,0.5633733900659835
Img000000.tif,17,276.0,18.746042631630413,161.731884057971,239.5072463768116,76.73401871576773,0.5890376552960191
Img000000.tif,25,94.0,10.940041919714261,1008.1170212765958,237.1595744680851,53.970562748477136,0.40553078161562434
Img000000.tif,29,9.0,3.385137501286538,984.0,238.88888888888889,8.207106781186548,
Img000000.tif,34,953.0,34.833852588144914,29.51311647429171,253.93074501573977,192.43250352560273,0.32340438534973287
Img000000.tif,40,164.0,14.450303987687134,1115.0487804878048,251.4939024390244,71.94112549695427,0.39819816668192387
Img000000.tif,44,176.0,14.96964127403822,716.1477272727273,254.1931818181818,67.49137802864844,0.48554103601749676
Img000000.tif,50,31.0,6.282549314314218,1010.2258064516129,251.4516129032258,30.207106781186546,0.42692668017072827
Img000000.tif,55,8.0,3.1915382432114616,826.0,255.125,6.207106781186548,
Img000000.tif,56,8.0,3.1915382432114616,1234.625,255.625,7.0,
Img000000.tif,60,72.0,9.574614729634384,75.68055555555556,259.80555555555554,41.10660171779821,0.5354503541680155
Img000000.tif,64,11.0,3.742410318509555,678.0,260.90909090909093,9.035533905932738,
Img000000.tif,68,136.0,13.159049284959082,1046.6764705882354,265.8014705882353,62.87005768508881,0.4323754775938016
Img000000.tif,70,10.0,3.5682482323055424,707.4,263.8,11.863961030678928,
Img000000.tif,72,258.0,18.12445316531431,855.1162790697674,272.3565891472868,101.66904755831214,0.31365488789300816
Img000000.tif,73,5.0,2.5231325220201604,898.2,264.0,5.621320343559642,
Img000000.tif,77,5.0,2.5231325220201604,711.8,264.4,5.207106781186548,
Img000000.tif,80,16.0,4.51351666838205,318.75,267.25,14.242640687119284,
Img000000.tif,81,14.0,4.222008245644752,883.6428571428571,267.92857142857144,12.621320343559644,
Img000000.tif,89,8.0,3.1915382432114616,319.875,270.625,7.414213562373095,
Img000000.tif,90,105.0,11.562445770562215,367.5904761904762,275.752380952381,50.59188309203678,0.5155104504260326
Img000000.tif,98,8.0,3.1915382432114616,378.25,276.0,7.621320343559643,
Img000000.tif,101,13.0,4.068428945128219,351.3076923076923,279.61538461538464,12.207106781186548,
Img000000.tif,110,45.0,7.569397566060481,369.35555555555555,286.4888888888889,39.44974746830583,0.3633573276577969
Img000000.tif,113,73.0,9.640875829802336,674.054794520548,288.7671232876712,43.10660171779821,0.4936795646304784
Img000000.tif,117,5.0,2.5231325220201604,710.0,288.0,3.0,
Img000000.tif,122,6.0,2.763953195770684,697.5,293.5,6.414213562373095,
Img000000.tif,125,11.0,3.742410318509555,1277.7272727272727,295.09090909090907,9.621320343559642,
Img000000.tif,132,20.0,5.046265044040321,312.85,300.9,19.449747468305834,
Img000000.tif,136,25.0,5.641895835477563,316.64,307.12,25.035533905932738,
Img000000.tif,144,5.0,2.5231325220201604,308.2,313.6,5.207106781186548,
Img000000.tif,165,5.0,2.5231325220201604,356.2,364.4,5.207106781186548,
Img000000.tif,166,8.0,3.1915382432114616,925.875,364.875,7.414213562373095,
Img000000.tif,188,5.0,2.5231325220201604,52.4,401.4,3.0,
Img000000.tif,198,6.0,2.763953195770684,1085.5,418.3333333333333,6.414213562373095,
Img000000.tif,200,370.0,21.70480664627101,1087.1891891891892,431.81891891891894,86.84062043356593,0.616546380975927
Img000001.tif,3,293.0,19.314740138231286,680.0443686006826,185.61433447098977,75.2842712474619,0.6496343533792748
Img000001.tif,5,15.0,4.370193722368317,870.3333333333334,183.93333333333334,14.414213562373096,
Img000001.tif,9,10.0,3.5682482323055424,802.7,189.8,8.621320343559642,
Img000001.tif,10,78.0,9.965574970333758,695.8205128205128,211.5897435897436,54.17766952966369,0.3339364509099332
Img000001.tif,11,12.0,3.9088200952233594,969.1666666666666,213.25,10.0,
Img000001.tif,13,1727.0,46.89226688653073,636.5749855240301,241.93977996525769,567.0965004500315,0.06748204996107152
Img000001.tif,20,26.0,5.753627391751592,794.2692307692307,224.30769230769232,19.82842712474619,
Img000001.tif,21,20.0,5.046265044040321,897.7,223.6,15.449747468305832,
Img000001.tif,23,14.0,4.222008245644752,913.0,225.5,14.0,
Img000001.tif,26,13.0,4.068428945128219,902.8461538461538,227.30769230769232,12.414213562373096,
Img000001.tif,27,11.0,3.742410318509555,599.0,230.0,10.414213562373096,
Img000001.tif,28,6.0,2.763953195770684,914.1666666666666,229.16666666666666,6.242640687119286,
Img000001.tif,29,40.0,7.136496464611085,714.35,235.05,28.48528137423857,0.6194821941350007
Img000001.tif,35,8.0,3.1915382432114616,698.625,237.625,7.0,
Img000001.tif,37,7.0,2.985410660720923,75.85714285714286,245.28571428571428,6.207106781186548,
Img000001.tif,38,5.0,2.5231325220201604,79.4,244.8,5.207106781186548,
Img000001.tif,39,44.0,7.48482063701911,80.0909090909091,248.6818181818182,32.27817459305203,0.5306945257272806
Img000001.tif,42,14.0,4.222008245644752,574.6428571428571,245.28571428571428,12.82842712474619,
Img000001.tif,43,7.0,2.985410660720923,689.8571428571429,244.85714285714286,6.207106781186548,
Img000001.tif,45,408.0,22.792141940852034,1198.2426470588234,255.8308823529412,151.63961030678928,0.22296911381171075
Img000001.tif,50,7.0,2.985410660720923,1190.142857142857,261.0,6.414213562373095,
Img000001.tif,51,106.0,11.617374563210365,898.9433962264151,264.311320754717,55.520815280171306,0.432119693865123
Img000001.tif,52,134.0,13.061933202803933,956.6716417910447,268.1044776119403,73.698484809835,0.31002559100892035
Img000001.tif,57,9.0,3.385137501286538,434.8888888888889,270.6666666666667,8.242640687119284,
Img000001.tif,61,8.0,3.1915382432114616,381.5,272.0,6.0,
Img000001.tif,66,7.0,2.985410660720923,910.5714285714286,274.7142857142857,6.414213562373096,
Img000001.tif,68,6.0,2.763953195770684,729.8333333333334,277.0,5.207106781186548,
Img000001.tif,69,45.0,7.569397566060481,179.0222222222222,282.3777777777778,30.520815280171306,0.6070579024167172
Img000001.tif,71,10.0,3.5682482323055424,187.7,284.4,9.82842712474619,
Img000001.tif,84,231.0,17.14987856615383,188.96969696969697,301.7359307359307,79.94112549695427,0.4542357659749543
Img000001.tif,85,55.0,8.368283871884005,527.7636363636364,298.0,37.31370849898476,0.49640451697849164
Img000001.tif,87,6.0,2.763953195770684,932.0,300.1666666666667,6.207106781186548,
Img000001.tif,96,7.0,2.985410660720923,744.2857142857143,311.57142857142856,7.65685424949238,
Img000001.tif,101,9.0,3.385137501286538,847.6666666666666,319.22222222222223,8.414213562373096,
Img000001.tif,103,5.0,2.5231325220201604,838.0,321.0,5.414213562373095,
Img000001.tif,128,13.0,4.068428945128219,961.0769230769231,335.6923076923077,13.242640687119286,
Img000001.tif,144,14.0,4.222008245644752,361.7857142857143,361.7857142857143,11.449747468305834,
Img000001.tif,145,5.0,2.5231325220201604,341.8,363.6,5.207106781186548,
Img000001.tif,150,6.0,2.763953195770684,339.3333333333333,374.1666666666667,5.207106781186548,
Img000001.tif,156,42.0,7.312732791431452,984.452380952381,382.0,32.65685424949238,0.49489202858789577
Img000001.tif,163,5.0,2.5231325220201604,264.0,391.6,5.414213562373095,
Img000001.tif,168,161.0,14.317526556719258,866.8012422360248,416.6521739130435,59.21320343559643,0.5770303096654917
Img000001.tif,176,261.0,18.229523339239496,763.9501915708812,438.42528735632186,73.35533905932738,0.6095185308185627
Img000002.tif,1,703.0,29.918011296689148,418.7980085348506,179.28165007112375,225.40916292848976,0.17386896007799224
Img000002.tif,4,36.0,6.770275002573076,425.77777777777777,192.97222222222223,25.621320343559642,0.6891430042461734
Img000002.tif,5,1857.0,48.62515639638805,350.17985998922995,229.2207862143242,524.167568261897,0.0849339798784988
Img000002.tif,9,39.0,7.046725639945928,692.4615384615385,214.7948717948718,22.313708498984763,0.9843078768535686
Img000002.tif,16,47.0,7.735777827895049,652.2340425531914,223.91489361702128,31.106601717798213,0.610383218263189
Img000002.tif,20,53.0,8.214724333230155,303.8679245283019,228.0943396226415,30.27817459305202,0.7264845049952249
Img000002.tif,23,6.0,2.763953195770684,625.8333333333334,232.5,4.207106781186548,
Img000002.tif,24,6.0,2.763953195770684,246.83333333333334,236.5,5.207106781186548,
Img000002.tif,28,9.0,3.385137501286538,625.2222222222222,235.55555555555554,7.207106781186548,
Img000002.tif,32,15.0,4.370193722368317,494.4,239.93333333333334,14.414213562373096,
Img000002.tif,36,33.0,6.4820448144285745,954.7272727272727,246.1818181818182,27.071067811865476,0.5658652575987988
Img000002.tif,39,54.0,8.291859587312052,77.94444444444444,252.16666666666666,36.14213562373095,0.5194885757959641
Img000002.tif,41,8.0,3.1915382432114616,252.875,249.125,6.207106781186548,
Img000002.tif,44,253.0,17.94796937867892,893.8418972332016,255.1581027667984,89.76955262170047,0.39452294245654984
Img000002.tif,52,24.0,5.527906391541368,87.41666666666667,255.375,17.071067811865476,
Img000002.tif,53,20.0,5.046265044040321,520.4,255.15,18.44974746830583,
Img000002.tif,60,12.0,3.9088200952233594,293.5,261.6666666666667,10.0,
Img000002.tif,68,15.0,4.370193722368317,768.2,264.2,14.414213562373096,
Img000002.tif,74,6.0,2.763953195770684,502.3333333333333,269.8333333333333,6.414213562373095,
Img000002.tif,75,11.0,3.742410318509555,758.2727272727273,268.8181818181818,11.207106781186548,
Img000002.tif,77,51.0,8.058239062071396,10.568627450980392,272.19607843137254,34.89949493661166,0.5261889895500955
Img000002.tif,82,25.0,5.641895835477563,255.76,274.36,24.0,
Img000002.tif,83,5.0,2.5231325220201604,154.4,278.2,5.207106781186548,
Img000002.tif,98,8.0,3.1915382432114616,257.625,283.125,7.207106781186548,
Img000002.tif,99,5.0,2.5231325220201604,525.0,284.0,3.0,
Img000002.tif,104,8.0,3.1915382432114616,336.875,286.75,8.035533905932738,
Img000002.tif,106,36.0,6.770275002573076,205.36111111111111,292.1666666666667,27.44974746830583,0.6003930523414607
Img000002.tif,111,24.0,5.527906391541368,595.4166666666666,290.4583333333333,18.86396103067893,
Img000002.tif,113,14.0,4.222008245644752,199.78571428571428,293.2142857142857,11.65685424949238,
Img000002.tif,136,5.0,2.5231325220201604,195.6,309.0,5.414213562373095,
Img000002.tif,139,11.0,3.742410318509555,186.0,311.8181818181818,9.449747468305834,
Img000002.tif,141,7.0,2.985410660720923,188.71428571428572,316.14285714285717,7.414213562373095,
Img000002.tif,145,7.0,2.985410660720923,185.57142857142858,319.42857142857144,5.449747468305834,
Img000002.tif,147,12.0,3.9088200952233594,522.25,322.6666666666667,9.621320343559642,
Img000002.tif,152,5.0,2.5231325220201604,1167.4,325.2,5.207106781186548,
Img000002.tif,155,5.0,2.5231325220201604,1164.2,330.4,5.207106781186548,
Img000002.tif,168,12.0,3.9088200952233594,1200.0833333333333,378.0833333333333,11.828427124746192,
Img000002.tif,170,6.0,2.763953195770684,1188.8333333333333,379.3333333333333,5.0,
Img000002.tif,178,5.0,2.5231325220201604,930.0,386.8,5.621320343559642,
Img000002.tif,181,66.0,9.166995688475081,678.1212121212121,392.8939393939394,33.55634918610404,0.7365536560340609
Img000002.tif,182,310.0,19.867165345562018,626.0354838709677,403.76774193548385,109.11879502661796,0.3271692171380923
Img000002.tif,196,98.0,11.170383851240114,607.8469387755102,417.3061224489796,57.17766952966369,0.3766890876392915
Img000003.tif,1,22.0,5.292567428401227,1037.8636363636363,156.86363636363637,16.27817459305202,
Img000003.tif,3,373.0,21.792621462004423,138.15281501340482,173.21447721179624,145.77564927611036,0.22057115990411807
Img000003.tif,4,15.0,4.370193722368317,1037.1333333333334,162.4,13.071067811865476,
Img000003.tif,7,94.0,10.940041919714261,237.03191489361703,181.13829787234042,52.420310216782966,0.4298713924593283
Img000003.tif,8,298.0,19.47884453275087,115.52348993288591,193.36241610738256,104.39087296526012,0.3436379102772393
Img000003.tif,9,2046.0,51.039671908508026,53.01221896383187,228.65151515151516,401.0548698896889,0.15984825696997515
Img000003.tif,12,105.0,11.562445770562215,415.65714285714284,215.93333333333334,46.384776310850235,0.6132650712177607
Img000003.tif,13,189.0,15.512648837479231,373.0,218.35449735449737,54.284271247461895,0.805978847974665
Img000003.tif,17,209.0,16.312788383647018,1011.9665071770335,226.7846889952153,80.11269837220809,0.4092167766613532
Img000003.tif,18,26.0,5.753627391751592,100.5,224.53846153846155,20.692388155425117,
Img000003.tif,21,151.0,13.86575534383214,334.3708609271523,227.80132450331126,67.31980515339464,0.41869821624701586
Img000003.tif,24,37.0,6.863662517577698,984.1081081081081,228.05405405405406,28.242640687119284,0.5829093028877931
Img000003.tif,26,24.0,5.527906391541368,206.08333333333334,238.66666666666666,17.242640687119284,
Img000003.tif,28,13.0,4.068428945128219,211.84615384615384,236.76923076923077,10.207106781186548,
Img000003.tif,29,6.0,2.763953195770684,1052.5,235.66666666666666,6.414213562373095,
Img000003.tif,34,151.0,13.86575534383214,1135.7549668874171,247.19205298013244,61.07716446627535,0.508661746661597
Img000003.tif,35,46.0,7.653039857325812,1173.4565217391305,245.7173913043478,35.31370849898476,0.4635334078886815
Img000003.tif,38,162.0,14.361922094451577,6.746913580246914,254.62962962962962,50.55634918610404,0.7964774215182171
Img000003.tif,44,85.0,10.403141895720198,495.49411764705883,255.51764705882354,45.9350288425444,0.5062217524311374
Img000003.tif,60,8.0,3.1915382432114616,1119.0,254.875,8.621320343559642,
Img000003.tif,65,41.0,7.225151993843567,1275.0487804878048,259.8780487804878,29.071067811865476,0.6096376108115795
Img000003.tif,72,17.0,4.652426491681278,375.3529411764706,266.3529411764706,12.82842712474619,
Img000003.tif,74,28.0,5.970821321441846,1248.7142857142858,266.0357142857143,25.242640687119284,
Img000003.tif,80,8.0,3.1915382432114616,1161.375,266.5,6.207106781186548,
Img000003.tif,82,18.0,4.787307364817192,1276.111111111111,268.1666666666667,15.242640687119286,
Img000003.tif,89,10.0,3.5682482323055424,1191.0,269.4,8.207106781186548,
Img000003.tif,102,164.0,14.450303987687134,1124.3841463414635,279.9817073170732,67.94112549695429,0.44646584235224884
Img000003.tif,107,5.0,2.5231325220201604,177.2,278.8,4.207106781186548,
Img000003.tif,116,13.0,4.068428945128219,785.0769230769231,282.38461538461536,12.207106781186548,
Img000003.tif,120,7.0,2.985410660720923,779.5714285714286,284.57142857142856,6.621320343559642,
Img000003.tif,131,26.0,5.753627391751592,763.9230769230769,294.5,20.27817459305202,
Img000003.tif,132,12.0,3.9088200952233594,772.8333333333334,293.4166666666667,11.621320343559644,
Img000003.tif,133,11.0,3.742410318509555,794.0,294.90909090909093,12.449747468305832,
Img000003.tif,151,78.0,9.965574970333758,966.5,307.44871794871796,52.9350288425444,0.3497986738168836
Img000003.tif,156,5.0,2.5231325220201604,642.2,315.8,4.207106781186548,
Img000003.tif,157,49.0,7.898654169668588,180.0612244897959,321.3061224489796,32.27817459305202,0.5910007218326537
Img000003.tif,172,6.0,2.763953195770684,198.0,334.5,6.0,
Img000003.tif,191,5.0,2.5231325220201604,1204.2,376.2,4.207106781186548,
Img000003.tif,202,8.0,3.1915382432114616,860.5,387.875,6.621320343559642,
Img000003.tif,204,5.0,2.5231325220201604,856.8,389.6,5.207106781186548,
Img000003.tif,206,41.0,7.225151993843567,1043.0,390.5121951219512,26.52081528017131,0.7325208310567951
Img000003.tif,214,6.0,2.763953195770684,1134.0,396.0,5.414213562373095,
Img000003.tif,221,12.0,3.9088200952233594,1116.6666666666667,402.3333333333333,10.65685424949238,
Img000003.tif,229,8.0,3.1915382432114616,270.75,407.75,8.414213562373096,
Img000003.tif,230,491.0,25.003212122944625,270.1588594704684,418.1771894093686,164.33199846221441,0.22847941733276542
Img000003.tif,236,8.0,3.1915382432114616,1110.75,410.5,8.207106781186548,
Img000004.tif,1,81.0,10.155412503859614,741.0987654320987,149.87654320987653,43.384776310850235,0.540779422546184
Img000004.tif,3,71.0,9.507891862878783,64.25352112676056,152.3943661971831,43.8700576850888,0.4635875902214493
Img000004.tif,7,6.0,2.763953195770684,75.66666666666667,153.33333333333334,5.414213562373095,
Img000004.tif,11,8.0,3.1915382432114616,740.125,160.875,7.414213562373095,
Img000004.tif,13,232.0,17.186959427966244,144.15086206896552,206.66810344827587,70.49137802864846,0.586713184434942
Img000004.tif,14,185.0,15.347615963921077,1269.0972972972972,213.64864864864865,78.24873734152916,0.3796880387395908
Img000004.tif,15,95.0,10.998079684646791,91.3578947368421,212.5157894736842,50.349242404917504,0.4709204918246183
Img000004.tif,16,10.0,3.5682482323055424,102.2,211.3,8.621320343559642,
Img000004.tif,17,98.0,11.170383851240114,754.5714285714286,216.12244897959184,34.9350288425444,1.009052417951268
Img000004.tif,20,507.0,25.40733061895184,50.32544378698225,230.6449704142012,116.04772721475248,0.47309084603762963
Img000004.tif,23,26.0,5.753627391751592,1193.7692307692307,219.65384615384616,22.621320343559645,
Img000004.tif,25,53.0,8.214724333230155,1217.4716981132076,224.0188679245283,33.071067811865476,0.6089607451031017
Img000004.tif,27,12.0,3.9088200952233594,1160.1666666666667,225.16666666666666,10.0,
Img000004.tif,28,15.0,4.370193722368317,749.4666666666667,231.13333333333333,13.621320343559644,
Img000004.tif,30,47.0,7.735777827895049,1236.6170212765958,230.72340425531914,32.935028842544405,0.5444921536051918
Img000004.tif,31,46.0,7.653039857325812,1222.8695652173913,233.45652173913044,32.65685424949238,0.5420246027391239
Img000004.tif,35,278.0,18.81384047546846,785.18345323741,241.6978417266187,115.66295090390226,0.26113562480228353
Img000004.tif,36,510.0,25.482389366284572,846.6156862745098,255.50392156862745,148.53300858899107,0.2904919382059294
Img000004.tif,37,22.0,5.292567428401227,875.1363636363636,240.77272727272728,16.449747468305834,
Img000004.tif,39,34.0,6.579524642479541,688.9117647058823,245.61764705882354,25.27817459305202,0.6686477118918367
Img000004.tif,44,5.0,2.5231325220201604,869.8,247.6,5.207106781186548,
Img000004.tif,48,32.0,6.383076486422923,1076.53125,252.3125,28.27817459305202,0.5028715884316501
Img000004.tif,50,37.0,6.863662517577698,986.3783783783783,254.27027027027026,29.449747468305834,0.5361032474360593
Img000004.tif,51,5.0,2.5231325220201604,164.2,254.4,5.207106781186548,
Img000004.tif,53,293.0,19.314740138231286,179.75085324232083,263.5733788395904,122.29036790187178,0.24620279634287967
Img000004.tif,59,6.0,2.763953195770684,648.3333333333334,258.3333333333333,5.414213562373095,
Img000004.tif,70,27.0,5.863230142835039,154.11111111111111,265.77777777777777,19.86396103067893,
Img000004.tif,75,6.0,2.763953195770684,229.16666666666666,264.1666666666667,5.414213562373095,
Img000004.tif,85,167.0,14.581872443920643,15.347305389221557,273.50898203592817,70.24873734152916,0.4252548642753265
Img000004.tif,92,14.0,4.222008245644752,1183.857142857143,271.85714285714283,15.035533905932738,
Img000004.tif,102,5.0,2.5231325220201604,484.4,278.8,5.207106781186548,
Img000004.tif,103,16.0,4.51351666838205,5.4375,280.4375,15.0,
Img000004.tif,105,5.0,2.5231325220201604,17.2,280.8,5.414213562373095,
Img000004.tif,142,10.0,3.5682482323055424,641.2,299.9,8.207106781186548,
Img000004.tif,143,7.0,2.985410660720923,826.0,298.7142857142857,6.82842712474619,
Img000004.tif,156,13.0,4.068428945128219,444.2307692307692,307.2307692307692,10.656854249492381,
Img000004.tif,177,6.0,2.763953195770684,157.66666666666666,377.3333333333333,5.414213562373095,
Img000004.tif,195,6.0,2.763953195770684,125.16666666666667,395.0,5.207106781186548,
Img000005.tif,4,6.0,2.763953195770684,146.0,176.16666666666666,6.207106781186548,
Img000005.tif,5,134.0,13.061933202803933,1088.5373134328358,187.5,49.38477631085024,0.6904440326479572
Img000005.tif,6,76.0,9.83698151873187,1128.8026315789473,188.26315789473685,40.9350288425444,0.5699454026372299
Img000005.tif,7,17.0,4.652426491681278,1193.8823529411766,198.47058823529412,13.621320343559642,
Img000005.tif,8,333.0,20.590987552733093,979.4264264264265,215.08408408408408,121.66904755831214,0.2826792177459584
Img000005.tif,10,20.0,5.046265044040321,1027.1,207.45,19.207106781186546,
Img000005.tif,11,132.0,12.964089628857149,611.5530303030303,219.52272727272728,64.83452377915606,0.39461277863388017
Img000005.tif,12,37.0,6.863662517577698,405.86486486486484,225.1891891891892,27.692388155425114,0.606304466218706
Img000005.tif,15,49.0,7.898654169668588,872.3265306122449,226.71428571428572,34.89949493661167,0.5055541272147974
Img000005.tif,22,135.0,13.110581167104948,506.51851851851853,233.94814814814814,72.38477631085023,0.32377935921178463
Img000005.tif,24,14.0,4.222008245644752,1180.857142857143,232.5,10.621320343559644,
Img000005.tif,25,9.0,3.385137501286538,1186.4444444444443,231.88888888888889,8.621320343559642,
Img000005.tif,27,8.0,3.1915382432114616,886.5,232.0,6.0,
Img000005.tif,28,110.0,11.834540545406394,474.59090909090907,238.63636363636363,61.970562748477136,0.3599412903945881
Img000005.tif,31,5.0,2.5231325220201604,858.2,235.6,5.207106781186548,
Img000005.tif,33,67.0,9.23618154310838,1157.0149253731342,239.29850746268656,44.97056274847714,0.4163207164378093
Img000005.tif,34,9.0,3.385137501286538,304.3333333333333,238.77777777777777,6.207106781186548,
Img000005.tif,35,7.0,2.985410660720923,516.5714285714286,239.71428571428572,6.0,
Img000005.tif,38,158.0,14.183506197980657,573.0126582278481,248.41139240506328,54.04163056034262,0.6798452422090417
Img000005.tif,50,9.0,3.385137501286538,355.22222222222223,254.33333333333334,8.207106781186548,
Img000005.tif,51,5.0,2.5231325220201604,454.8,255.6,4.414213562373095,
Img000005.tif,55,9.0,3.385137501286538,713.2222222222222,258.3333333333333,9.414213562373096,
Img000005.tif,56,9.0,3.385137501286538,468.77777777777777,259.44444444444446,9.207106781186548,
Img000005.tif,57,107.0,11.67204486311899,732.6168224299065,261.66355140186914,65.79898987322333,0.3105669154740623
Img000005.tif,58,44.0,7.48482063701911,362.54545454545456,260.90909090909093,35.65685424949238,0.43488706338772254
Img000005.tif,61,72.0,9.574614729634384,509.0416666666667,264.9166666666667,44.55634918610404,0.4557463118450061
Img000005.tif,65,91.0,10.764051215546116,425.2307692307692,271.04395604395603,58.42031021678297,0.3350607364916828
Img000005.tif,70,9.0,3.385137501286538,807.8888888888889,273.0,5.207106781186548,
Img000005.tif,74,62.0,8.884866446580956,525.4516129032259,274.2096774193548,38.14213562373095,0.5355395402308497
Img000005.tif,82,5.0,2.5231325220201604,182.4,276.2,4.414213562373095,
Img000005.tif,86,5.0,2.5231325220201604,61.4,279.8,4.414213562373095,
Img000005.tif,93,9.0,3.385137501286538,417.8888888888889,286.6666666666667,8.242640687119284,
Img000005.tif,97,8.0,3.1915382432114616,1165.5,286.0,7.65685424949238,
Img000005.tif,98,6.0,2.763953195770684,1170.1666666666667,285.1666666666667,6.242640687119286,
Img000005.tif,107,12.0,3.9088200952233594,787.3333333333334,289.6666666666667,12.621320343559644,
Img000005.tif,108,8.0,3.1915382432114616,1104.75,289.75,8.035533905932738,
Img000005.tif,123,8.0,3.1915382432114616,507.875,295.125,7.414213562373095,
Img000005.tif,126,25.0,5.641895835477563,255.88,298.56,18.242640687119284,
Img000005.tif,130,26.0,5.753627391751592,44.57692307692308,301.4230769230769,18.86396103067893,
Img000005.tif,141,7.0,2.985410660720923,31.142857142857142,307.42857142857144,5.0,
Img000005.tif,155,5.0,2.5231325220201604,643.6,330.2,4.414213562373095,
Img000005.tif,174,5.0,2.5231325220201604,1000.6,385.4,4.207106781186548,
Img000005.tif,188,5.0,2.5231325220201604,480.2,411.6,5.207106781186548,
Img000005.tif,191,5.0,2.5231325220201604,300.2,413.6,5.207106781186548,
Img000006.tif,1,206.0,16.195287778099022,159.1990291262136,137.57766990291262,75.31980515339464,0.45630865749437655
Img000006.tif,3,5.0,2.5231325220201604,160.6,148.2,4.414213562373095,
Img000006.tif,5,152.0,13.911592676604096,821.5855263157895,157.11184210526315,51.59188309203678,0.7176136522266999
Img000006.tif,13,7.0,2.985410660720923,848.2857142857143,179.14285714285714,8.242640687119284,
Img000006.tif,14,5.0,2.5231325220201604,809.2,181.6,5.207106781186548,
Img000006.tif,15,82.0,10.217907939900583,915.3536585365854,183.0609756097561,37.520815280171306,0.7319462387843539
Img000006.tif,16,46.0,7.653039857325812,845.4782608695652,185.2826086956522,26.48528137423857,0.8240593918021003
Img000006.tif,18,58.0,8.593479713983122,675.8448275862069,200.77586206896552,45.970562748477136,0.34488810590649616
Img000006.tif,21,16.0,4.51351666838205,905.375,206.5,13.449747468305834,
Img000006.tif,22,237.0,17.371176474327626,314.9493670886076,213.21097046413502,73.18376618407356,0.5560690188817936
Img000006.tif,23,135.0,13.110581167104948,681.8148148148148,210.9777777777778,75.73401871576773,0.29577511182841554
Img000006.tif,27,13.0,4.068428945128219,741.0,210.76923076923077,11.207106781186548,
Img000006.tif,30,17.0,4.652426491681278,1038.2941176470588,210.7058823529412,13.207106781186548,
Img000006.tif,31,7.0,2.985410660720923,737.8571428571429,215.57142857142858,6.207106781186548,
Img000006.tif,35,24.0,5.527906391541368,886.7916666666666,222.04166666666666,17.44974746830583,
Img000006.tif,37,855.0,32.99423905394037,200.51812865497075,241.09824561403508,218.65180361560903,0.2247345530464356
Img000006.tif,39,8.0,3.1915382432114616,641.875,221.0,7.414213562373095,
Img000006.tif,40,12.0,3.9088200952233594,1277.0,221.16666666666666,10.035533905932738,
Img000006.tif,42,34.0,6.579524642479541,200.94117647058823,226.41176470588235,19.106601717798213,1.1703664929168314
Img000006.tif,43,460.0,24.201036973199617,640.5608695652174,237.23260869565217,185.0538238691624,0.16879966038807923
Img000006.tif,45,503.0,25.30690599424961,1270.7077534791254,248.32405566600397,128.66904755831214,0.381794507781619
Img000006.tif,46,181.0,15.180789096653193,583.7624309392265,234.46408839779005,87.52691193458118,0.2968966015132029
Img000006.tif,51,24.0,5.527906391541368,1238.25,233.66666666666666,17.242640687119284,
Img000006.tif,53,348.0,21.049640414216977,271.20402298850576,244.07471264367817,85.11269837220809,0.6036711057373757
Img000006.tif,55,151.0,13.86575534383214,837.5695364238411,238.57615894039736,64.2842712474619,0.4591740767657395
Img000006.tif,56,112.0,11.941642642883693,50.410714285714285,242.11607142857142,66.66295090390226,0.3167078428342701
Img000006.tif,64,45.0,7.569397566060481,186.8,252.3111111111111,33.86396103067892,0.49311347048013693
Img000006.tif,65,23.0,5.4115163798060095,366.4782608695652,251.34782608695653,22.414213562373096,
Img000006.tif,72,12.0,3.9088200952233594,378.5833333333333,252.58333333333334,11.0,
Img000006.tif,74,5.0,2.5231325220201604,387.8,252.6,5.207106781186548,
Img000006.tif,76,64.0,9.0270333367641,747.84375,254.3125,41.7634559672906,0.46110197080247367
Img000006.tif,80,7.0,2.985410660720923,634.7142857142857,255.28571428571428,6.0,
Img000006.tif,82,6.0,2.763953195770684,629.3333333333334,256.1666666666667,5.207106781186548,
Img000006.tif,85,7.0,2.985410660720923,299.85714285714283,259.7142857142857,6.207106781186548,
Img000006.tif,89,5.0,2.5231325220201604,310.6,260.8,5.207106781186548,
Img000006.tif,92,9.0,3.385137501286538,301.1111111111111,263.44444444444446,9.207106781186548,
Img000006.tif,96,5.0,2.5231325220201604,310.4,264.6,3.0,
Img000006.tif,99,45.0,7.569397566060481,300.1333333333333,267.9555555555556,28.349242404917497,0.7036220857076381
Img000006.tif,115,6.0,2.763953195770684,903.0,276.5,4.0,
Img000006.tif,118,9.0,3.385137501286538,783.5555555555555,281.1111111111111,7.82842712474619,
Img000006.tif,125,7.0,2.985410660720923,764.0,295.85714285714283,6.207106781186548,
Img000006.tif,154,5.0,2.5231325220201604,281.6,315.4,4.207106781186548,
Img000006.tif,162,91.0,10.764051215546116,1122.7362637362637,333.5824175824176,59.66295090390226,0.3212490094268712
Img000006.tif,164,5.0,2.5231325220201604,110.0,331.6,5.414213562373095,
Img000006.tif,175,5.0,2.5231325220201604,292.4,337.8,5.207106781186548,
Img000006.tif,187,8.0,3.1915382432114616,1000.75,354.5,8.207106781186548,
Img000006.tif,188,7.0,2.985410660720923,287.57142857142856,356.0,6.414213562373095,
Img000006.tif,193,28.0,5.970821321441846,1006.6071428571429,368.39285714285717,23.31370849898476,
Img000006.tif,194,10.0,3.5682482323055424,1011.8,368.5,8.82842712474619,
Img000006.tif,214,45.0,7.569397566060481,1169.0666666666666,394.7111111111111,32.69238815542512,0.5290894289216886
Img000006.tif,229,273.0,18.643883600599406,170.54945054945054,412.1098901098901,118.87615433949868,0.24276329123319285
Img000006.tif,233,12.0,3.9088200952233594,710.4166666666666,399.9166666666667,10.414213562373096,
Img000006.tif,238,208.0,16.273715780512877,1181.4567307692307,409.6057692307692,82.49137802864844,0.3841104138718028
Img000006.tif,248,11.0,3.742410318509555,1260.909090909091,428.8181818181818,9.414213562373096,
Img000006.tif,249,6.0,2.763953195770684,1257.5,433.0,4.0,
Img000007.tif,1,6.0,2.763953195770684,536.0,143.5,6.0,
Img000007.tif,3,88.0,10.585134856802455,294.54545454545456,157.2159090909091,38.970562748477136,0.7281471965520475
Img000007.tif,4,259.0,18.159544104586082,566.5752895752896,170.83783783783784,72.07716446627535,0.6264901425189261
Img000007.tif,7,36.0,6.770275002573076,533.0,174.75,25.863961030678926,0.6762733762061349
Img000007.tif,9,72.0,9.574614729634384,997.0416666666666,196.625,32.89949493661167,0.8359184266965415
Img000007.tif,11,699.0,29.83277462405867,375.08726752503577,213.41058655221747,179.40306627407986,0.2729149438280876
Img000007.tif,12,42.0,7.312732791431452,778.4047619047619,197.28571428571428,27.86396103067893,0.679787925469878
Img000007.tif,15,5.0,2.5231325220201604,996.2,203.4,5.207106781186548,
Img000007.tif,16,47.0,7.735777827895049,593.4042553191489,207.04255319148936,29.69238815542512,0.6699115467320816
Img000007.tif,17,5.0,2.5231325220201604,12.0,206.0,3.0,
Img000007.tif,19,155.0,14.048207338801282,441.49032258064517,212.0193548387097,55.49137802864845,0.6325437114164686
Img000007.tif,20,8.0,3.1915382432114616,779.0,206.75,6.621320343559642,
Img000007.tif,22,316.0,20.0585068271871,19.518987341772153,217.13924050632912,87.59797974644665,0.5174981077938707
Img000007.tif,27,8.0,3.1915382432114616,996.0,212.25,7.0,
Img000007.tif,29,16.0,4.51351666838205,1008.875,212.625,15.207106781186548,
Img000007.tif,31,5.0,2.5231325220201604,1030.0,214.4,5.414213562373095,
Img000007.tif,33,19.0,4.918490759365935,586.2631578947369,219.21052631578948,15.828427124746192,
Img000007.tif,34,179.0,15.09668435477122,949.6033519553073,231.0782122905028,75.73401871576772,0.39217588901693634
Img000007.tif,35,241.0,17.517155313611116,302.7551867219917,229.6721991701245,79.5269119345812,0.47884909254160113
Img000007.tif,36,26.0,5.753627391751592,336.7692307692308,228.53846153846155,19.692388155425117,
Img000007.tif,37,74.0,9.706684619910241,347.4594594594595,236.4189189189189,51.69238815542512,0.3480073289933634
Img000007.tif,38,6.0,2.763953195770684,194.5,239.16666666666666,4.207106781186548,
Img000007.tif,39,19.0,4.918490759365935,207.10526315789474,243.0,15.621320343559642,
Img000007.tif,40,32.0,6.383076486422923,217.71875,242.5625,23.48528137423857,0.7290684533171353
Img000007.tif,42,176.0,14.96964127403822,184.51136363636363,252.41477272727272,73.73401871576773,0.4068054121429988
Img000007.tif,46,95.0,10.998079684646791,942.5578947368421,245.7157894736842,56.76345596729059,0.37050648276683124
Img000007.tif,48,14.0,4.222008245644752,548.0714285714286,251.21428571428572,12.035533905932738,
Img000007.tif,53,21.0,5.170882945826411,3.238095238095238,256.14285714285717,15.863961030678926,
Img000007.tif,54,87.0,10.524820207108489,208.183908045977,257.7816091954023,60.17766952966369,0.30189671443524063
Img000007.tif,55,19.0,4.918490759365935,854.1578947368421,257.2105263157895,15.242640687119284,
Img000007.tif,56,8.0,3.1915382432114616,863.75,255.25,8.414213562373096,
Img000007.tif,63,27.0,5.863230142835039,856.6296296296297,262.77777777777777,20.414213562373096,
Img000007.tif,66,104.0,11.507254783503184,1159.7884615384614,264.625,54.7634559672906,0.4357741941691249
Img000007.tif,67,170.0,14.712264360219255,167.19411764705882,268.29411764705884,67.00609665440987,0.4758062544066907
Img000007.tif,75,59.0,8.667244841319219,622.1355932203389,272.20338983050846,40.21320343559643,0.4584843688181591
Img000007.tif,81,6.0,2.763953195770684,271.1666666666667,273.6666666666667,5.207106781186548,
Img000007.tif,89,6.0,2.763953195770684,1154.5,274.0,4.0,
Img000007.tif,105,5.0,2.5231325220201604,457.0,303.0,5.414213562373095,
Img000007.tif,111,10.0,3.5682482323055424,477.3,308.2,8.207106781186548,
Img000007.tif,113,5.0,2.5231325220201604,1171.8,308.2,4.0,
Img000007.tif,116,10.0,3.5682482323055424,470.7,308.6,8.82842712474619,
Img000007.tif,120,41.0,7.225151993843567,459.1219512195122,315.390243902439,32.9350288425444,0.47498251697474186
Img000007.tif,144,7.0,2.985410660720923,578.7142857142857,342.42857142857144,7.207106781186548,
Img000007.tif,149,8.0,3.1915382432114616,593.75,348.5,6.0,
Img000007.tif,155,10.0,3.5682482323055424,650.0,364.8,9.621320343559642,
Img000007.tif,166,140.0,13.351162356249091,1272.3428571428572,390.55,51.935028842544405,0.6522545921611745
Img000007.tif,167,6.0,2.763953195770684,271.8333333333333,386.6666666666667,6.414213562373095,
Img000007.tif,174,86.0,10.464157913908982,1241.6511627906978,395.3720930232558,53.62741699796952,0.37578077393031356
Img000007.tif,191,9.0,3.385137501286538,1021.5555555555555,412.22222222222223,9.414213562373096,
Img000007.tif,193,17.0,4.652426491681278,842.5882352941177,418.6470588235294,16.82842712474619,
Img000008.tif,2,100.0,11.283791670955125,262.27,136.25,66.83452377915607,0.281324883854942
Img000008.tif,4,10.0,3.5682482323055424,272.1,131.5,8.82842712474619,
Img000008.tif,5,15.0,4.370193722368317,39.266666666666666,146.93333333333334,10.207106781186548,
Img000008.tif,6,7.0,2.985410660720923,46.0,147.28571428571428,6.82842712474619,
Img000008.tif,8,19.0,4.918490759365935,281.6842105263158,158.05263157894737,14.449747468305832,
Img000008.tif,9,38.0,6.955796338302048,270.1842105263158,166.97368421052633,26.071067811865476,0.7025477094017631
Img000008.tif,12,50.0,7.978845608028654,260.98,169.78,31.76345596729059,0.6227652489286668
Img000008.tif,13,6.0,2.763953195770684,371.1666666666667,171.16666666666666,5.414213562373095,
Img000008.tif,16,57.0,8.51907589177983,260.5438596491228,178.50877192982455,32.9350288425444,0.6603415479892752
Img000008.tif,17,9.0,3.385137501286538,486.55555555555554,186.77777777777777,7.621320343559642,
Img000008.tif,18,5.0,2.5231325220201604,1187.0,187.0,3.0,
Img000008.tif,20,162.0,14.361922094451577,798.8641975308642,194.51234567901236,60.90559159102154,0.54879550637871
Img000008.tif,21,805.0,32.01496265048276,84.20993788819875,206.55403726708076,235.5512985522207,0.18232017912354986
Img000008.tif,22,43.0,7.399277020331919,218.2325581395349,194.2325581395349,30.899494936611664,0.5659467340326759
Img000008.tif,26,62.0,8.884866446580956,287.43548387096774,201.82258064516128,50.384776310850235,0.3069042368211828
Img000008.tif,29,452.0,23.98967015655475,702.433628318584,210.70353982300884,138.36143571373725,0.29670043233678345
Img000008.tif,31,21.0,5.170882945826411,524.0,202.66666666666666,18.82842712474619,
Img000008.tif,37,432.0,23.452920571340155,1036.9953703703704,222.2523148148148,100.08326112068522,0.5419643436557
Img000008.tif,38,67.0,9.23618154310838,291.4925373134328,212.4179104477612,40.48528137423857,0.5136772628410213
Img000008.tif,39,75.0,9.772050238058398,1148.2666666666667,213.08,43.72792206135786,0.49289390390474136
Img000008.tif,44,757.0,31.045810270703488,627.9894319682959,239.4095112285337,239.99494936611666,0.16515873169920783
Img000008.tif,45,8.0,3.1915382432114616,1144.375,219.875,7.207106781186548,
Img000008.tif,47,190.0,15.553633450087505,21.86842105263158,226.68421052631578,90.59797974644667,0.29088842363759815
Img000008.tif,48,50.0,7.978845608028654,1151.0,224.88,34.3492424049175,0.5325317950786156
Img000008.tif,49,6.0,2.763953195770684,155.5,224.0,4.0,
Img000008.tif,50,6.0,2.763953195770684,52.5,228.0,4.0,
Img000008.tif,56,5.0,2.5231325220201604,1017.8,233.6,4.414213562373095,
Img000008.tif,57,5.0,2.5231325220201604,1022.0,232.8,5.621320343559642,
Img000008.tif,58,45.0,7.569397566060481,390.0444444444444,235.9777777777778,29.9350288425444,0.6310489027639784
Img000008.tif,60,14.0,4.222008245644752,1141.4285714285713,234.57142857142858,13.414213562373096,
Img000008.tif,63,28.0,5.970821321441846,1275.0357142857142,238.39285714285714,21.86396103067893,
Img000008.tif,65,5.0,2.5231325220201604,27.0,238.0,3.0,
Img000008.tif,68,6.0,2.763953195770684,555.6666666666666,241.33333333333334,5.414213562373095,
Img000008.tif,70,115.0,12.100518486599809,1131.8347826086956,243.22608695652173,60.55634918610404,0.3940835758228814
Img000008.tif,74,8.0,3.1915382432114616,1274.375,244.25,6.035533905932738,
Img000008.tif,82,144.0,13.540550005146152,1107.4722222222222,251.46527777777777,77.79898987322332,0.298967816536769
Img000008.tif,84,117.0,12.205286835384658,566.3418803418804,251.60683760683762,92.65685424949238,0.1712539599559621
Img000008.tif,90,224.0,16.88803298257901,800.5133928571429,260.01339285714283,104.94112549695429,0.25560329434903806
Img000008.tif,94,201.0,15.99753570059363,330.6467661691542,269.0547263681592,66.21320343559643,0.5761250008772945
Img000008.tif,95,29.0,6.076507779746499,825.0,265.62068965517244,21.72792206135786,
Img000008.tif,104,14.0,4.222008245644752,812.7857142857143,270.5,13.207106781186548,
Img000008.tif,107,8.0,3.1915382432114616,126.0,275.75,7.0,
Img000008.tif,109,13.0,4.068428945128219,810.0,275.15384615384613,8.621320343559642,
Img000008.tif,111,6.0,2.763953195770684,1237.8333333333333,276.1666666666667,5.621320343559642,
Img000008.tif,115,9.0,3.385137501286538,427.8888888888889,281.3333333333333,8.207106781186548,
Img000008.tif,121,44.0,7.48482063701911,434.15909090909093,284.1136363636364,36.48528137423857,0.41536236228911033
Img000008.tif,128,6.0,2.763953195770684,568.0,287.8333333333333,4.207106781186548,
Img000008.tif,158,8.0,3.1915382432114616,812.5,360.0,8.414213562373096,
Img000008.tif,163,5.0,2.5231325220201604,792.6,363.8,5.207106781186548,
Img000008.tif,174,8.0,3.1915382432114616,808.0,371.25,6.207106781186548,
Img000008.tif,192,9.0,3.385137501286538,524.6666666666666,390.77777777777777,6.414213562373095,
Img000008.tif,206,66.0,9.166995688475081,555.3030303030303,402.72727272727275,49.79898987322333,0.3344357781853963
Img000008.tif,207,264.0,18.333991376950163,673.8030303030303,405.20075757575756,123.98275605729691,0.21581976656938717
Img000008.tif,209,6.0,2.763953195770684,777.8333333333334,400.1666666666667,6.242640687119286,
Img000008.tif,224,37.0,6.863662517577698,772.1081081081081,409.72972972972974,28.17766952966369,0.585600508731653
Img000008.tif,232,7.0,2.985410660720923,513.7142857142857,412.57142857142856,7.65685424949238,
Img000008.tif,233,5.0,2.5231325220201604,519.0,410.0,3.0,
Img000008.tif,234,5.0,2.5231325220201604,524.6,411.8,5.207106781186548,
Img000008.tif,235,116.0,12.153015559492998,591.4913793103449,415.44827586206895,52.66295090390226,0.5256025602367723
Img000008.tif,237,6.0,2.763953195770684,783.5,411.5,6.414213562373095,
Img000008.tif,246,155.0,14.048207338801282,613.7483870967742,425.1290322580645,61.526911934581186,0.514530739483302
Img000008.tif,247,36.0,6.770275002573076,664.6111111111111,425.02777777777777,24.727922061357855,0.7398388250087208
Img000008.tif,253,5.0,2.5231325220201604,608.8,442.8,4.0,
Img000009.tif,1,18.0,4.787307364817192,0.7777777777777778,122.27777777777777,14.621320343559642,
Img000009.tif,2,319.0,20.153496341094687,7.962382445141066,156.0219435736677,96.39087296526012,0.4314482582747317
Img000009.tif,4,5.0,2.5231325220201604,97.0,155.0,5.414213562373095,
Img000009.tif,7,77.0,9.901487006738307,101.51948051948052,161.55844155844156,52.21320343559643,0.3549277129461002
Img000009.tif,9,8.0,3.1915382432114616,108.125,163.5,6.82842712474619,
Img000009.tif,10,17.0,4.652426491681278,979.8235294117648,171.35294117647058,15.414213562373096,
Img000009.tif,11,17.0,4.652426491681278,190.35294117647058,181.2941176470588,10.65685424949238,
Img000009.tif,13,28.0,5.970821321441846,193.64285714285714,185.82142857142858,24.106601717798213,
Img000009.tif,14,88.0,10.585134856802455,270.875,186.6590909090909,41.970562748477136,0.627773460196237
Img000009.tif,15,262.0,18.26441241104166,505.5763358778626,192.5801526717557,69.2842712474619,0.6858700656377105
Img000009.tif,20,62.0,8.884866446580956,2.725806451612903,198.79032258064515,31.899494936611667,0.7656564397718578
Img000009.tif,21,446.0,23.829914749152643,403.2937219730942,208.99775784753362,156.7462120245875,0.2281133035594522
Img000009.tif,23,5.0,2.5231325220201604,167.2,202.4,4.414213562373095,
Img000009.tif,29,63.0,8.95623198216277,1034.1587301587301,208.57142857142858,36.7634559672906,0.5857573571423187
Img000009.tif,31,150.0,13.81976597885342,859.3133333333334,216.80666666666667,49.798989873223334,0.7600813140577185
Img000009.tif,32,27.0,5.863230142835039,1030.2962962962963,216.11111111111111,20.449747468305834,
Img000009.tif,33,222.0,16.812470934731934,736.7612612612612,226.4099099099099,78.73401871576773,0.4500264088998352
Img000009.tif,36,5.0,2.5231325220201604,263.4,223.0,5.414213562373095,
Img000009.tif,42,36.0,6.770275002573076,855.6111111111111,228.88888888888889,24.520815280171306,0.7523892006935875
Img000009.tif,43,6.0,2.763953195770684,1040.8333333333333,231.16666666666666,5.82842712474619,
Img000009.tif,45,12.0,3.9088200952233594,284.5833333333333,232.58333333333334,11.0,
Img000009.tif,46,76.0,9.83698151873187,96.21052631578948,240.57894736842104,48.00609665440988,0.41441041911697535
Img000009.tif,47,25.0,5.641895835477563,293.72,237.96,23.106601717798213,
Img000009.tif,50,33.0,6.4820448144285745,1097.7878787878788,238.54545454545453,25.656854249492376,0.6299658245539912
Img000009.tif,54,344.0,20.928315827817965,992.3168604651163,245.67441860465115,146.66904755831214,0.20095155123960967
Img000009.tif,58,13.0,4.068428945128219,44.30769230769231,245.15384615384616,9.82842712474619,
Img000009.tif,59,6.0,2.763953195770684,83.33333333333333,243.5,6.414213562373095,
Img000009.tif,60,100.0,11.283791670955125,736.13,247.91,51.59188309203678,0.47211424488598686
Img000009.tif,61,1081.0,37.09948716436268,787.3792784458834,260.7067530064755,310.34419177103416,0.1410419534622393
Img000009.tif,65,5.0,2.5231325220201604,1069.6,242.8,4.414213562373095,
Img000009.tif,67,6.0,2.763953195770684,39.666666666666664,245.83333333333334,5.207106781186548,
Img000009.tif,70,11.0,3.742410318509555,1218.4545454545455,245.9090909090909,9.207106781186548,
Img000009.tif,76,50.0,7.978845608028654,842.08,251.1,36.89949493661166,0.46146527354256034
Img000009.tif,82,106.0,11.617374563210365,41.35849056603774,260.24528301886795,57.66295090390226,0.40061019928942204
Img000009.tif,92,18.0,4.787307364817192,40.0,269.27777777777777,16.449747468305834,
Img000009.tif,94,72.0,9.574614729634384,969.8194444444445,269.44444444444446,43.79898987322333,0.4716438450779581
Img000009.tif,100,9.0,3.385137501286538,799.5555555555555,270.8888888888889,8.82842712474619,
Img000009.tif,101,12.0,3.9088200952233594,916.25,273.0833333333333,10.863961030678928,
Img000009.tif,104,6.0,2.763953195770684,944.0,270.5,6.0,
Img000009.tif,112,11.0,3.742410318509555,717.0,276.27272727272725,8.621320343559642,
Img000009.tif,116,7.0,2.985410660720923,709.8571428571429,276.85714285714283,6.0,
Img000009.tif,124,38.0,6.955796338302048,502.2894736842105,287.2105263157895,27.44974746830583,0.6337482219159862
Img000009.tif,127,13.0,4.068428945128219,951.3846153846154,284.61538461538464,10.863961030678928,
Img000009.tif,130,9.0,3.385137501286538,277.22222222222223,286.6666666666667,9.414213562373096,
Img000009.tif,133,26.0,5.753627391751592,509.65384615384613,289.34615384615387,23.071067811865476,
Img000009.tif,137,6.0,2.763953195770684,490.1666666666667,289.3333333333333,5.414213562373095,
Img000009.tif,145,6.0,2.763953195770684,268.8333333333333,293.6666666666667,5.0,
Img000009.tif,153,5.0,2.5231325220201604,261.8,299.6,5.207106781186548,
Img000009.tif,163,8.0,3.1915382432114616,718.5,305.25,6.414213562373095,
Img000009.tif,164,6.0,2.763953195770684,726.6666666666666,306.1666666666667,6.414213562373095,
Img000009.tif,168,6.0,2.763953195770684,666.0,308.1666666666667,6.207106781186548,
Img000009.tif,187,5.0,2.5231325220201604,137.4,343.8,4.414213562373095,
Img000009.tif,195,5.0,2.5231325220201604,1119.8,353.2,4.0,
Img000009.tif,199,6.0,2.763953195770684,1124.1666666666667,356.0,6.207106781186548,
Img000009.tif,225,11.0,3.742410318509555,565.2727272727273,393.0,8.207106781186548,
Img000009.tif,234,5.0,2.5231325220201604,1203.6,403.4,4.207106781186548,
Img000010.tif,2,5.0,2.5231325220201604,692.0,152.0,3.0,
Img000010.tif,4,9.0,3.385137501286538,204.0,176.0,8.0,
Img000010.tif,5,113.0,11.994835078277376,214.24778761061947,179.2920353982301,53.384776310850235,0.4982570505627491
Img000010.tif,7,91.0,10.764051215546116,16.63736263736264,185.4835164835165,51.248737341529164,0.43539648316418794
Img000010.tif,9,11.0,3.742410318509555,224.9090909090909,183.27272727272728,8.414213562373096,
Img000010.tif,10,63.0,8.95623198216277,613.0952380952381,183.23809523809524,31.071067811865476,0.8200457003472621
Img000010.tif,15,56.0,8.444016491289505,214.21428571428572,193.14285714285714,34.72792206135786,0.5834992399855109
Img000010.tif,16,58.0,8.593479713983122,1157.3103448275863,193.43103448275863,31.31370849898476,0.7433080715459858
Img000010.tif,18,563.0,26.77375326109316,100.73001776198934,207.0923623445826,135.7401153701776,0.38397401140730136
Img000010.tif,22,184.0,15.306079714651624,571.9782608695652,211.5326086956522,57.3492424049175,0.7030275052926306
Img000010.tif,23,42.0,7.312732791431452,735.1428571428571,211.71428571428572,33.10660171779821,0.4815373141660969
Img000010.tif,24,164.0,14.450303987687134,1123.4878048780488,216.2378048780488,75.31980515339464,0.36327485353921235
Img000010.tif,25,5.0,2.5231325220201604,1116.2,212.2,5.414213562373095,
Img000010.tif,30,67.0,9.23618154310838,68.8955223880597,218.37313432835822,51.14213562373095,0.32190442563318583
Img000010.tif,36,67.0,9.23618154310838,890.7014925373135,224.34328358208955,46.76345596729059,0.38500951965067814
Img000010.tif,37,21.0,5.170882945826411,928.8095238095239,221.8095238095238,16.899494936611667,
Img000010.tif,39,30.0,6.180387232371033,426.6333333333333,224.03333333333333,22.692388155425117,0.7321005136066968
Img000010.tif,42,351.0,21.14017691983778,439.0911680911681,242.2905982905983,115.60407640085654,0.3300431198768163
Img000010.tif,47,867.0,33.224970809398556,701.0599769319492,248.2975778546713,232.2670273047588,0.2019546411884451
Img000010.tif,48,176.0,14.96964127403822,927.4602272727273,237.25,80.42031021678297,0.3419723901164104
Img000010.tif,60,7.0,2.985410660720923,862.7142857142857,246.57142857142858,7.621320343559642,
Img000010.tif,61,393.0,22.36924542940416,884.5318066157761,251.93384223918576,107.59797974644667,0.4265738023863148
Img000010.tif,64,14.0,4.222008245644752,734.0714285714286,249.14285714285714,9.86396103067893,
Img000010.tif,67,519.0,25.70625067405882,967.3102119460501,256.7090558766859,194.63961030678928,0.17215306888207935
Img000010.tif,68,5.0,2.5231325220201604,941.2,251.8,4.207106781186548,
Img000010.tif,75,17.0,4.652426491681278,633.8235294117648,258.8235294117647,13.82842712474619,
Img000010.tif,80,6.0,2.763953195770684,1030.0,258.5,4.0,
Img000010.tif,92,46.0,7.653039857325812,653.2826086956521,265.39130434782606,30.071067811865476,0.6392489093055738
Img000010.tif,101,7.0,2.985410660720923,667.7142857142857,275.42857142857144,7.207106781186548,
Img000010.tif,103,27.0,5.863230142835039,1276.0740740740741,276.44444444444446,21.071067811865476,
Img000010.tif,104,7.0,2.985410660720923,189.57142857142858,277.14285714285717,7.207106781186548,
Img000010.tif,106,18.0,4.787307364817192,649.1111111111111,278.5,14.242640687119284,
Img000010.tif,111,78.0,9.965574970333758,659.6923076923077,280.64102564102564,49.7634559672906,0.3958069352669499
Img000010.tif,113,7.0,2.985410660720923,917.2857142857143,280.42857142857144,6.0,
Img000010.tif,129,15.0,4.370193722368317,188.2,288.0,9.242640687119284,
Img000010.tif,131,6.0,2.763953195770684,1062.1666666666667,287.1666666666667,5.207106781186548,
Img000010.tif,132,7.0,2.985410660720923,1068.0,287.7142857142857,6.82842712474619,
Img000010.tif,133,5.0,2.5231325220201604,182.2,288.8,5.414213562373095,
Img000010.tif,175,7.0,2.985410660720923,1103.2857142857142,307.14285714285717,6.207106781186548,
Img000010.tif,182,11.0,3.742410318509555,1107.3636363636363,310.6363636363636,9.82842712474619,
Img000010.tif,196,31.0,6.282549314314218,769.0645161290323,345.4193548387097,23.69238815542512,0.693991065901352
Img000010.tif,198,5.0,2.5231325220201604,778.4,342.2,4.414213562373095,
Img000010.tif,211,5.0,2.5231325220201604,988.8,370.4,5.207106781186548,
Img000010.tif,215,9.0,3.385137501286538,104.11111111111111,375.1111111111111,7.621320343559642,
Img000010.tif,224,5.0,2.5231325220201604,627.2,386.4,4.414213562373095,
Img000010.tif,237,5.0,2.5231325220201604,795.6,391.8,5.207106781186548,
Img000010.tif,253,5.0,2.5231325220201604,635.2,401.2,4.207106781186548,
Img000010.tif,256,359.0,21.37973331358283,882.33426183844,414.008356545961,99.66904755831213,0.45413366384940584
Img000010.tif,268,5.0,2.5231325220201604,84.2,411.6,5.207106781186548,
Img000010.tif,281,5.0,2.5231325220201604,148.4,435.2,4.414213562373095,
Img000011.tif,1,57.0,8.51907589177983,208.42105263157896,163.859649122807,34.520815280171306,0.6010666498728783
Img000011.tif,2,121.0,12.412170838050638,328.90909090909093,183.89256198347107,70.698484809835,0.3042110757888784
Img000011.tif,3,10.0,3.5682482323055424,860.4,185.4,8.82842712474619,
Img000011.tif,4,6.0,2.763953195770684,1171.8333333333333,184.33333333333334,5.0,
Img000011.tif,5,31.0,6.282549314314218,289.8709677419355,194.16129032258064,21.65685424949238,0.8305787398467216
Img000011.tif,10,59.0,8.667244841319219,437.40677966101697,198.05084745762713,31.17766952966369,0.762736582991308
Img000011.tif,13,65.0,9.09728368293446,803.4307692307692,205.13846153846154,35.3492424049175,0.6536766917777552
Img000011.tif,14,56.0,8.444016491289505,284.73214285714283,204.73214285714286,30.31370849898476,0.76580773907752
Img000011.tif,22,5.0,2.5231325220201604,1171.0,204.0,3.0,
Img000011.tif,23,14.0,4.222008245644752,1184.0,204.92857142857142,12.0,
Img000011.tif,25,51.0,8.058239062071396,814.1764705882352,211.0392156862745,30.177669529663685,0.7037341774613763
Img000011.tif,28,100.0,11.283791670955125,1134.51,215.0,68.04163056034261,0.2714316201031632
Img000011.tif,31,92.0,10.823032759612019,805.7717391304348,220.18478260869566,41.7634559672906,0.662834083028556
Img000011.tif,32,64.0,9.0270333367641,1110.1875,218.125,35.10660171779821,0.6525476853234073
Img000011.tif,36,102.0,11.396070970426017,601.9705882352941,225.76470588235293,68.5918830920368,0.27243605562784845
Img000011.tif,38,484.0,24.824341676101277,1174.8285123966941,234.87190082644628,135.66904755831214,0.33044080647054547
Img000011.tif,39,23.0,5.4115163798060095,998.9565217391304,229.2173913043478,16.82842712474619,
Img000011.tif,40,49.0,7.898654169668588,420.2448979591837,231.42857142857142,35.242640687119284,0.495757233742093
Img000011.tif,47,25.0,5.641895835477563,563.16,240.36,23.656854249492383,
Img000011.tif,51,8.0,3.1915382432114616,799.5,245.5,8.0,
Img000011.tif,53,10.0,3.5682482323055424,119.0,247.2,10.65685424949238,
Img000011.tif,54,432.0,23.452920571340155,655.4375,252.0787037037037,205.29646455628165,0.12880439144689634
Img000011.tif,59,6.0,2.763953195770684,759.5,252.0,4.0,
Img000011.tif,64,5.0,2.5231325220201604,427.4,256.8,5.207106781186548,
Img000011.tif,65,13.0,4.068428945128219,620.7692307692307,256.6923076923077,12.0,
Img000011.tif,71,6.0,2.763953195770684,678.1666666666666,262.3333333333333,5.207106781186548,
Img000011.tif,75,72.0,9.574614729634384,1210.513888888889,267.2083333333333,48.3492424049175,0.38704638331313657
Img000011.tif,80,6.0,2.763953195770684,306.6666666666667,271.1666666666667,6.414213562373095,
Img000011.tif,86,19.0,4.918490759365935,719.0526315789474,275.7368421052632,15.071067811865476,
Img000011.tif,87,10.0,3.5682482323055424,804.3,273.2,9.449747468305834,
Img000011.tif,92,61.0,8.812923024107548,1211.8852459016393,276.6885245901639,42.071067811865476,0.4330844882665895
Img000011.tif,95,8.0,3.1915382432114616,689.875,277.125,7.414213562373095,
Img000011.tif,106,7.0,2.985410660720923,967.4285714285714,280.2857142857143,6.0,
Img000011.tif,107,232.0,17.186959427966244,1261.6594827586207,284.42672413793105,86.76345596729058,0.3872791922741278
Img000011.tif,123,5.0,2.5231325220201604,929.0,292.0,3.0,
Img000011.tif,151,5.0,2.5231325220201604,1015.8,327.4,4.414213562373095,
Img000011.tif,159,8.0,3.1915382432114616,427.25,343.875,7.621320343559642,
Img000011.tif,163,11.0,3.742410318509555,427.54545454545456,352.45454545454544,9.414213562373096,
Img000011.tif,185,7.0,2.985410660720923,290.0,390.2857142857143,6.82842712474619,
Img000011.tif,205,377.0,21.909160375631842,723.2228116710876,414.315649867374,87.63351365237939,0.6168943095835678
Img000011.tif,208,38.0,6.955796338302048,487.6842105263158,414.44736842105266,24.449747468305834,0.7988122292346365
Img000011.tif,216,42.0,7.312732791431452,549.7619047619048,431.1904761904762,30.69238815542512,0.5602705444603074
Img000011.tif,218,16.0,4.51351666838205,556.875,427.5625,14.207106781186548,
Img000012.tif,1,95.0,10.998079684646791,158.17894736842106,131.73684210526315,58.834523779156065,0.3448807738077055
Img000012.tif,5,10.0,3.5682482323055424,161.8,146.2,9.035533905932738,
Img000012.tif,9,8.0,3.1915382432114616,1086.75,170.375,7.621320343559642,
Img000012.tif,10,311.0,19.899183360445615,42.69774919614148,179.7877813504823,111.87615433949868,0.31224478540751344
Img000012.tif,12,325.0,20.342144725641095,7.6061538461538465,195.83384615384617,84.5269119345812,0.571614476550165
Img000012.tif,14,57.0,8.51907589177983,870.9473684210526,184.56140350877192,31.970562748477143,0.7007839683642918
Img000012.tif,15,11.0,3.742410318509555,1258.7272727272727,183.9090909090909,11.207106781186548,
Img000012.tif,16,168.0,14.625465582862905,141.79166666666666,199.85714285714286,88.90559159102153,0.26709206967336857
Img000012.tif,20,48.0,7.817640190446719,565.3333333333334,191.875,30.727922061357855,0.6388291371290634
Img000012.tif,23,198.0,15.877702285203682,871.8636363636364,199.57575757575756,71.07716446627535,0.4925097887041855
Img000012.tif,24,85.0,10.403141895720198,1214.9764705882353,196.5529411764706,54.79898987322333,0.3556998512676075
Img000012.tif,27,14.0,4.222008245644752,151.92857142857142,198.57142857142858,12.207106781186548,
Img000012.tif,28,64.0,9.0270333367641,1152.734375,200.5,40.89949493661167,0.4807883636371279
Img000012.tif,29,140.0,13.351162356249091,1190.2714285714285,201.22857142857143,57.384776310850235,0.534249978734575
Img000012.tif,30,165.0,14.494292838262302,1247.3151515151515,200.66060606060606,70.9350288425444,0.41207124415801594
Img000012.tif,32,438.0,23.615226456547084,506.48173515981733,210.6027397260274,131.9827560572969,0.3159727197899056
Img000012.tif,35,5.0,2.5231325220201604,1277.0,205.0,3.0,
Img000012.tif,38,10.0,3.5682482323055424,859.9,211.3,9.035533905932738,
Img000012.tif,40,1629.0,45.54236728995958,783.0841006752609,235.6304481276857,338.2853172679884,0.17888118024056138
Img000012.tif,42,357.0,21.320096563347295,1123.187675070028,223.00280112044817,89.18376618407356,0.5640355314784438
Img000012.tif,44,131.0,12.914889870235298,866.6335877862596,222.6259541984733,55.42031021678298,0.5359734226289528
Img000012.tif,47,85.0,10.403141895720198,1221.3764705882354,223.9294117647059,61.89949493661167,0.2787754842224545
Img000012.tif,50,16.0,4.51351666838205,853.375,228.4375,15.621320343559642,
Img000012.tif,52,12.0,3.9088200952233594,494.0833333333333,228.91666666666666,12.621320343559644,
Img000012.tif,54,10.0,3.5682482323055424,122.9,231.2,9.035533905932738,
Img000012.tif,56,132.0,12.964089628857149,689.25,236.11363636363637,52.83452377915607,0.594221280182418
Img000012.tif,60,286.0,19.08262324195121,1102.2937062937062,241.1083916083916,86.59797974644665,0.47924807407971776
Img000012.tif,62,26.0,5.753627391751592,1154.6538461538462,234.30769230769232,21.621320343559642,
Img000012.tif,64,29.0,6.076507779746499,1236.344827586207,235.86206896551724,22.27817459305202,
Img000012.tif,65,7.0,2.985410660720923,1122.0,236.85714285714286,6.207106781186548,
Img000012.tif,71,50.0,7.978845608028654,1137.3,244.64,34.72792206135786,0.5209814642727776
Img000012.tif,85,206.0,16.195287778099022,1082.0679611650485,257.6019417475728,96.6335136523794,0.27721807427425466
Img000012.tif,86,13.0,4.068428945128219,155.46153846153845,257.15384615384613,10.621320343559642,
Img000012.tif,87,176.0,14.96964127403822,366.3863636363636,260.72727272727275,73.4558441227157,0.40989236058842776
Img000012.tif,88,6.0,2.763953195770684,386.3333333333333,254.66666666666666,5.621320343559642,
Img000012.tif,90,10.0,3.5682482323055424,146.6,256.9,9.207106781186548,
Img000012.tif,95,6.0,2.763953195770684,321.5,258.8333333333333,4.207106781186548,
Img000012.tif,97,40.0,7.136496464611085,774.375,262.875,27.106601717798213,0.684100182118142
Img000012.tif,107,447.0,23.85661494212072,1204.5838926174497,275.7158836689038,154.29646455628165,0.23594209811072003
Img000012.tif,111,22.0,5.292567428401227,948.0454545454545,266.3181818181818,18.27817459305202,
Img000012.tif,120,43.0,7.399277020331919,885.1627906976744,274.3953488372093,36.48528137423857,0.4059223086007215
Img000012.tif,121,31.0,6.282549314314218,959.0,272.6774193548387,27.242640687119284,0.5248958669349555
Img000012.tif,126,1072.0,36.94472617243352,25.11847014925373,287.7154850746269,250.23149339882605,0.2151397768055706
Img000012.tif,128,5.0,2.5231325220201604,39.0,274.0,3.0,
Img000012.tif,134,157.0,14.138550439257221,1022.1019108280254,278.18471337579615,81.90559159102153,0.29409146001686864
Img000012.tif,140,555.0,26.582850624566497,943.4882882882883,285.5243243243243,243.63351365237938,0.11749754430249154
Img000012.tif,141,8.0,3.1915382432114616,989.0,278.375,8.414213562373096,
Img000012.tif,146,5.0,2.5231325220201604,616.0,280.0,3.0,
Img000012.tif,151,26.0,5.753627391751592,644.6923076923077,283.8076923076923,23.828427124746188,
Img000012.tif,175,356.0,21.290215544369623,925.193820224719,300.61516853932585,104.76955262170047,0.4075582447180064
Img000012.tif,181,20.0,5.046265044040321,1199.8,302.6,18.82842712474619,
Img000012.tif,187,5.0,2.5231325220201604,1180.4,301.6,4.207106781186548,
Img000012.tif,193,10.0,3.5682482323055424,1204.6,304.8,7.414213562373095,
Img000012.tif,196,43.0,7.399277020331919,1208.2558139534883,310.0232558139535,32.72792206135786,0.5044770979421956
Img000012.tif,197,5.0,2.5231325220201604,1169.8,311.6,5.207106781186548,
Img000012.tif,204,10.0,3.5682482323055424,70.1,362.1,9.242640687119286,
Img000012.tif,209,5.0,2.5231325220201604,783.6,365.4,3.0,
Img000012.tif,214,68.0,9.304852983362556,826.8823529411765,379.2352941176471,45.7634559672906,0.4080197153473845
Img000012.tif,222,7.0,2.985410660720923,410.57142857142856,400.2857142857143,7.207106781186548,
Img000012.tif,227,10.0,3.5682482323055424,610.6,402.0,9.414213562373096,
Img000012.tif,230,5.0,2.5231325220201604,396.8,406.4,5.207106781186548,
Img000012.tif,233,5.0,2.5231325220201604,142.2,415.8,4.0,
Img000012.tif,234,16.0,4.51351666838205,136.75,421.375,14.278174593052022,
Img000013.tif,3,14.0,4.222008245644752,907.5,160.85714285714286,12.0,
Img000013.tif,5,9.0,3.385137501286538,961.8888888888889,183.77777777777777,7.0,
Img000013.tif,6,115.0,12.100518486599809,274.90434782608696,190.9217391304348,69.8700576850888,0.29602303077652004
Img000013.tif,8,62.0,8.884866446580956,568.516129032258,188.4516129032258,35.14213562373095,0.6308778105970424
Img000013.tif,9,55.0,8.368283871884005,902.5454545454545,186.56363636363636,35.72792206135786,0.5414483528072549
Img000013.tif,10,46.0,7.653039857325812,1048.8478260869565,187.41304347826087,29.31370849898476,0.6727073395165498
Img000013.tif,15,5.0,2.5231325220201604,888.0,186.0,3.0,
Img000013.tif,17,400.0,22.56758334191025,1212.265,201.64,207.2609306503489,0.11701322996821545
Img000013.tif,19,8.0,3.1915382432114616,1245.25,196.375,7.207106781186548,
Img000013.tif,20,653.0,28.834448541840736,204.90658499234303,211.83154670750383,142.5035713374682,0.40408390110578873
Img000013.tif,21,69.0,9.373021315815206,847.9420289855072,200.33333333333334,44.72792206135786,0.4334125770194014
Img000013.tif,22,11.0,3.742410318509555,1151.1818181818182,199.45454545454547,10.207106781186548,
Img000013.tif,28,7.0,2.985410660720923,1186.5714285714287,203.85714285714286,7.242640687119286,
Img000013.tif,33,173.0,14.841510746523857,1143.2601156069363,211.61271676300578,96.97665940288701,0.231164706310034
Img000013.tif,35,13.0,4.068428945128219,518.6923076923077,206.3846153846154,12.207106781186548,
Img000013.tif,36,512.0,25.532305945691693,894.341796875,218.19921875,163.0538238691624,0.24200138343600458
Img000013.tif,39,11.0,3.742410318509555,1235.2727272727273,209.63636363636363,9.621320343559642,
Img000013.tif,40,9.0,3.385137501286538,586.8888888888889,211.11111111111111,7.207106781186548,
Img000013.tif,44,18.0,4.787307364817192,1207.2777777777778,210.5,14.82842712474619,
Img000013.tif,45,342.0,20.867389014906145,1258.669590643275,217.72222222222223,105.31980515339464,0.3874501881607731
Img000013.tif,50,7.0,2.985410660720923,1217.5714285714287,213.28571428571428,7.621320343559642,
Img000013.tif,51,966.0,35.070634442709576,504.68840579710144,222.5455486542443,294.40916292848976,0.1400503974010621
Img000013.tif,52,24.0,5.527906391541368,807.5416666666666,220.08333333333334,21.071067811865476,
Img000013.tif,55,5.0,2.5231325220201604,469.0,218.0,3.0,
Img000013.tif,58,9.0,3.385137501286538,933.4444444444445,221.66666666666666,7.621320343559642,
Img000013.tif,59,247.0,17.733870630789692,819.8421052631579,229.59919028340082,74.31980515339464,0.5619500219502881
Img000013.tif,62,9.0,3.385137501286538,1146.4444444444443,227.88888888888889,9.414213562373096,
Img000013.tif,65,356.0,21.290215544369623,434.90168539325845,241.76404494382024,106.42640687119285,0.3949672281754034
Img000013.tif,66,7.0,2.985410660720923,470.7142857142857,231.42857142857142,6.414213562373095,
Img000013.tif,69,43.0,7.399277020331919,1140.5581395348838,233.27906976744185,29.071067811865476,0.6393760308511688
Img000013.tif,70,234.0,17.26088217525478,1258.0128205128206,238.26923076923077,85.84062043356595,0.3990616790925441
Img000013.tif,72,10.0,3.5682482323055424,477.3,235.8,10.414213562373096,
Img000013.tif,79,5.0,2.5231325220201604,1151.4,237.2,5.207106781186548,
Img000013.tif,80,464.0,24.306031118985995,465.6530172413793,251.58189655172413,159.57463914933368,0.2289813452727857
Img000013.tif,81,133.0,13.013103375051497,552.6917293233083,246.81954887218046,66.14823227814082,0.3819662750984322
Img000013.tif,87,31.0,6.282549314314218,951.8709677419355,242.41935483870967,23.035533905932738,0.7341334162733167
Img000013.tif,89,5.0,2.5231325220201604,456.4,242.4,4.207106781186548,
Img000013.tif,95,598.0,27.59342761875783,774.071906354515,258.03010033444815,163.05382386916236,0.2826500533100211
Img000013.tif,100,6.0,2.763953195770684,803.1666666666666,248.33333333333334,5.0,
Img000013.tif,106,34.0,6.579524642479541,884.5882352941177,252.58823529411765,26.071067811865476,0.6285953189384198
Img000013.tif,115,7.0,2.985410660720923,286.14285714285717,267.42857142857144,6.207106781186548,
Img000013.tif,118,12.0,3.9088200952233594,76.16666666666667,270.25,7.621320343559642,
Img000013.tif,121,6.0,2.763953195770684,768.0,270.5,4.0,
Img000013.tif,122,65.0,9.09728368293446,1261.5692307692307,271.5076923076923,46.656854249492376,0.37522547214776575
Img000013.tif,125,604.0,27.73151068766428,603.8427152317881,282.17715231788077,218.5685424949238,0.15888082643944024
Img000013.tif,126,5.0,2.5231325220201604,635.8,273.8,4.207106781186548,
Img000013.tif,128,97.0,11.11324596323283,703.4639175257732,278.17525773195877,42.62741699796952,0.6708162328750295
Img000013.tif,146,18.0,4.787307364817192,861.4444444444445,282.05555555555554,15.242640687119286,
Img000013.tif,153,13.0,4.068428945128219,988.9230769230769,282.6923076923077,12.207106781186548,
Img000013.tif,156,6.0,2.763953195770684,716.0,284.5,4.0,
Img000013.tif,158,8.0,3.1915382432114616,870.875,285.125,6.207106781186548,
Img000013.tif,159,12.0,3.9088200952233594,1261.8333333333333,284.5833333333333,11.207106781186548,
Img000013.tif,168,196.0,15.797308339337176,605.8316326530612,294.33673469387753,102.7634559672906,0.2332322128494686
Img000013.tif,173,43.0,7.399277020331919,329.16279069767444,296.90697674418607,33.03553390593274,0.4951259166494071
Img000013.tif,175,6.0,2.763953195770684,360.5,299.0,6.0,
Img000013.tif,176,5.0,2.5231325220201604,588.4,301.2,5.207106781186548,
Img000013.tif,178,5.0,2.5231325220201604,881.2,301.4,5.207106781186548,
Img000013.tif,190,7.0,2.985410660720923,840.0,307.42857142857144,5.207106781186548,
Img000013.tif,199,7.0,2.985410660720923,333.0,314.57142857142856,5.207106781186548,
Img000013.tif,209,5.0,2.5231325220201604,582.0,323.6,5.414213562373095,
Img000013.tif,224,5.0,2.5231325220201604,775.6,369.6,4.207106781186548,
Img000013.tif,234,86.0,10.464157913908982,1137.2674418604652,407.59302325581393,54.10660171779821,0.3691541875778071
Img000013.tif,237,5.0,2.5231325220201604,123.6,426.4,3.0,
Img000014.tif,1,82.0,10.217907939900583,544.2682926829268,147.390243902439,39.9350288425444,0.6461237597557263
Img000014.tif,4,101.0,11.340070282773887,593.4356435643564,182.1089108910891,54.248737341529164,0.43127270149776886
Img000014.tif,6,25.0,5.641895835477563,908.16,181.88,19.44974746830583,
Img000014.tif,7,144.0,13.540550005146152,660.2222222222222,189.97222222222223,73.31980515339464,0.3366121221265734
Img000014.tif,9,262.0,18.26441241104166,272.4083969465649,192.5267175572519,82.698484809835,0.4814110452196008
Img000014.tif,12,401.0,22.595775212167435,901.7605985037407,194.90523690773068,248.5035713374682,0.08159977619291968
Img000014.tif,13,86.0,10.464157913908982,885.7093023255813,188.98837209302326,58.82842712474619,0.3122725727557462
Img000014.tif,15,92.0,10.823032759612019,963.9673913043479,192.0326086956522,56.520815280171306,0.3618935610395547
Img000014.tif,16,1511.0,43.861884958296436,584.3362011912641,215.6803441429517,430.9898987322333,0.1022210047108186
Img000014.tif,19,5.0,2.5231325220201604,244.2,196.0,5.621320343559642,
Img000014.tif,24,5.0,2.5231325220201604,873.0,196.0,3.0,
Img000014.tif,25,27.0,5.863230142835039,237.66666666666666,199.22222222222223,20.207106781186546,
Img000014.tif,30,76.0,9.83698151873187,209.0921052631579,203.8421052631579,49.14213562373095,0.3954716937965478
Img000014.tif,33,264.0,18.333991376950163,947.8863636363636,209.01136363636363,95.25483399593904,0.365628248390172
Img000014.tif,35,129.0,12.815923738491737,987.4806201550388,209.28682170542635,61.248737341529164,0.43212092218999326
Img000014.tif,37,7.0,2.985410660720923,278.14285714285717,205.71428571428572,6.207106781186548,
Img000014.tif,38,6.0,2.763953195770684,310.1666666666667,205.66666666666666,5.621320343559642,
Img000014.tif,40,25.0,5.641895835477563,687.04,205.52,17.035533905932738,
Img000014.tif,43,94.0,10.940041919714261,620.8936170212766,207.18085106382978,63.9350288425444,0.2889748099323003
Img000014.tif,46,95.0,10.998079684646791,285.10526315789474,212.0842105263158,61.798989873223334,0.31258685891339655
Img000014.tif,49,5.0,2.5231325220201604,630.0,211.4,5.414213562373095,
Img000014.tif,50,22.0,5.292567428401227,636.2272727272727,211.72727272727272,17.449747468305834,
Img000014.tif,52,31.0,6.282549314314218,676.6451612903226,215.16129032258064,24.414213562373096,0.6535609259519567
Img000014.tif,54,9.0,3.385137501286538,156.11111111111111,219.0,9.621320343559642,
Img000014.tif,56,16.0,4.51351666838205,964.875,216.4375,15.207106781186548,
Img000014.tif,57,6.0,2.763953195770684,973.5,217.33333333333334,6.414213562373095,
Img000014.tif,58,5.0,2.5231325220201604,284.0,220.0,5.656854249492381,
Img000014.tif,59,94.0,10.940041919714261,493.70212765957444,220.11702127659575,48.31370849898476,0.5060541238680609
Img000014.tif,63,38.0,6.955796338302048,453.3157894736842,222.44736842105263,28.9350288425444,0.5703554836814566
Img000014.tif,64,8.0,3.1915382432114616,651.125,221.875,6.207106781186548,
Img000014.tif,71,62.0,8.884866446580956,857.7903225806451,226.67741935483872,37.7634559672906,0.5463338237373584
Img000014.tif,74,22.0,5.292567428401227,948.5,226.95454545454547,17.242640687119284,
Img000014.tif,78,7.0,2.985410660720923,947.0,230.0,5.0,
Img000014.tif,81,103.0,11.451797811161432,859.242718446602,237.59223300970874,48.72792206135786,0.5451189817870956
Img000014.tif,82,13.0,4.068428945128219,123.38461538461539,237.46153846153845,12.656854249492381,
Img000014.tif,84,14.0,4.222008245644752,117.85714285714286,241.0,11.414213562373096,
Img000014.tif,86,10.0,3.5682482323055424,579.3,241.3,9.621320343559642,
Img000014.tif,87,9.0,3.385137501286538,611.3333333333334,238.66666666666666,9.621320343559642,
Img000014.tif,89,79.0,10.02925341359355,321.5189873417722,243.22784810126583,39.3492424049175,0.6411567293053806
Img000014.tif,90,51.0,8.058239062071396,567.2941176470588,246.0,38.89949493661167,0.42353774009375594
Img000014.tif,95,47.0,7.735777827895049,621.7446808510638,244.63829787234042,33.89949493661167,0.5139504686721267
Img000014.tif,101,7.0,2.985410660720923,820.8571428571429,250.85714285714286,6.0,
Img000014.tif,102,12.0,3.9088200952233594,106.0,253.33333333333334,12.207106781186548,
Img000014.tif,105,19.0,4.918490759365935,203.94736842105263,256.42105263157896,16.27817459305202,
Img000014.tif,107,11.0,3.742410318509555,620.1818181818181,254.63636363636363,7.207106781186548,
Img000014.tif,108,210.0,16.351767622932517,630.6714285714286,261.4142857142857,69.698484809835,0.5432284225122432
Img000014.tif,110,13.0,4.068428945128219,565.0769230769231,257.38461538461536,12.242640687119284,
Img000014.tif,123,56.0,8.444016491289505,520.3571428571429,265.05357142857144,46.03553390593274,0.332056145539381
Img000014.tif,132,8.0,3.1915382432114616,1101.375,271.25,7.035533905932738,
Img000014.tif,135,8.0,3.1915382432114616,199.625,276.25,8.242640687119284,
Img000014.tif,141,28.0,5.970821321441846,952.1785714285714,279.42857142857144,28.414213562373096,
Img000014.tif,150,123.0,12.514330345744634,668.0162601626016,286.4471544715447,85.66295090390226,0.21063421272195934
Img000014.tif,154,5.0,2.5231325220201604,20.2,292.0,5.621320343559642,
Img000014.tif,167,7.0,2.985410660720923,280.42857142857144,296.85714285714283,6.414213562373095,
Img000014.tif,182,5.0,2.5231325220201604,507.4,316.2,5.207106781186548,
Img000014.tif,192,11.0,3.742410318509555,231.45454545454547,326.6363636363636,9.035533905932738,
Img000014.tif,196,6.0,2.763953195770684,486.6666666666667,329.6666666666667,5.621320343559642,
Img000014.tif,199,28.0,5.970821321441846,536.1071428571429,331.7142857142857,25.727922061357855,
Img000014.tif,206,5.0,2.5231325220201604,530.2,342.4,5.207106781186548,
Img000014.tif,221,9.0,3.385137501286538,1214.6666666666667,384.77777777777777,7.207106781186548,
Img000014.tif,228,56.0,8.444016491289505,774.1785714285714,391.69642857142856,29.48528137423857,0.8094449873028756
Img000014.tif,233,7.0,2.985410660720923,472.7142857142857,395.0,6.449747468305834,
Img000015.tif,3,54.0,8.291859587312052,393.1666666666667,143.0,28.071067811865476,0.8611637835588177
Img000015.tif,4,21.0,5.170882945826411,315.57142857142856,151.33333333333334,18.86396103067893,
Img000015.tif,7,9.0,3.385137501286538,491.1111111111111,164.44444444444446,7.621320343559642,
Img000015.tif,8,1106.0,37.526030118800065,592.6952983725135,180.4873417721519,377.69343417595167,0.09742852344636509
Img000015.tif,9,35.0,6.6755811781245455,295.57142857142856,175.34285714285716,26.14213562373095,0.6435699855750434
Img000015.tif,10,11.0,3.742410318509555,13.909090909090908,178.72727272727272,9.621320343559642,
Img000015.tif,12,16.0,4.51351666838205,19.3125,180.1875,12.82842712474619,
Img000015.tif,16,15.0,4.370193722368317,239.53333333333333,181.8,12.449747468305834,
Img000015.tif,17,25.0,5.641895835477563,362.6,184.32,21.65685424949238,
Img000015.tif,21,554.0,26.558891313141824,681.4783393501805,196.81949458483754,223.47413408594534,0.13940074746172854
Img000015.tif,23,23.0,5.4115163798060095,624.3913043478261,188.65217391304347,19.863961030678926,
Img000015.tif,24,9.0,3.385137501286538,633.3333333333334,187.11111111111111,8.242640687119284,
Img000015.tif,27,13.0,4.068428945128219,360.3076923076923,190.92307692307693,10.82842712474619,
Img000015.tif,31,9.0,3.385137501286538,656.6666666666666,194.0,8.414213562373096,
Img000015.tif,36,224.0,16.88803298257901,639.4330357142857,200.17410714285714,73.04163056034261,0.5276147922473675
Img000015.tif,39,8.0,3.1915382432114616,294.875,202.25,7.414213562373095,
Img000015.tif,41,7.0,2.985410660720923,672.4285714285714,200.28571428571428,6.0,
Img000015.tif,42,60.0,8.740387444736633,36.13333333333333,208.78333333333333,39.17766952966369,0.4912289089966597
Img000015.tif,43,46.0,7.653039857325812,553.7391304347826,204.91304347826087,33.071067811865476,0.528531967447975
Img000015.tif,45,72.0,9.574614729634384,225.375,210.68055555555554,44.9350288425444,0.4480972832720202
Img000015.tif,49,1067.0,36.85846706297507,710.6897844423618,232.65323336457357,268.2436867076458,0.18634393609700478
Img000015.tif,51,339.0,20.775663783985824,579.6076696165192,223.00294985250738,96.32590180780451,0.4591170223051038
Img000015.tif,57,6.0,2.763953195770684,514.0,220.83333333333334,4.414213562373095,
Img000015.tif,63,5.0,2.5231325220201604,116.2,231.6,5.207106781186548,
Img000015.tif,69,107.0,11.67204486311899,53.925233644859816,240.0841121495327,47.17766952966369,0.6041164669955056
Img000015.tif,72,8.0,3.1915382432114616,1004.25,237.875,6.82842712474619,
Img000015.tif,73,5.0,2.5231325220201604,63.2,241.2,5.414213562373095,
Img000015.tif,78,57.0,8.51907589177983,596.0,250.68421052631578,34.72792206135786,0.5939188692709664
Img000015.tif,82,33.0,6.4820448144285745,584.060606060606,256.1515151515151,24.65685424949238,0.6821006571115811
Img000015.tif,85,419.0,23.09734550211416,296.6014319809069,266.18615751789974,144.976659402887,0.25051152469095106
Img000015.tif,88,47.0,7.735777827895049,1074.6170212765958,261.3404255319149,36.55634918610404,0.44195910746851735
Img000015.tif,93,13.0,4.068428945128219,591.4615384615385,266.84615384615387,10.414213562373096,
Img000015.tif,101,62.0,8.884866446580956,629.4032258064516,271.758064516129,38.48528137423857,0.5260320689878444
Img000015.tif,103,8.0,3.1915382432114616,939.875,272.375,7.414213562373095,
Img000015.tif,104,16.0,4.51351666838205,172.0625,276.125,13.242640687119284,
Img000015.tif,105,7.0,2.985410660720923,176.71428571428572,272.42857142857144,7.207106781186548,
Img000015.tif,107,36.0,6.770275002573076,612.0,273.44444444444446,23.449747468305834,0.8226896327688298
Img000015.tif,110,7.0,2.985410660720923,651.5714285714286,273.7142857142857,5.414213562373095,
Img000015.tif,111,12.0,3.9088200952233594,657.25,274.0833333333333,11.621320343559644,
Img000015.tif,115,7.0,2.985410660720923,221.14285714285714,274.2857142857143,6.207106781186548,
Img000015.tif,121,62.0,8.884866446580956,247.41935483870967,277.83870967741933,47.72792206135786,0.3420239354826013
Img000015.tif,122,5.0,2.5231325220201604,192.2,279.6,5.207106781186548,
Img000015.tif,125,7.0,2.985410660720923,301.57142857142856,279.14285714285717,6.207106781186548,
Img000015.tif,129,113.0,11.994835078277376,567.8938053097345,283.9646017699115,72.04163056034263,0.2736032423483795
Img000015.tif,131,71.0,9.507891862878783,325.6619718309859,283.71830985915494,48.31370849898476,0.382232370155663
Img000015.tif,134,19.0,4.918490759365935,188.6315789473684,285.89473684210526,15.863961030678928,
Img000015.tif,143,11.0,3.742410318509555,179.27272727272728,286.45454545454544,11.207106781186548,
Img000015.tif,148,10.0,3.5682482323055424,931.7,286.7,9.207106781186548,
Img000015.tif,153,5.0,2.5231325220201604,319.2,288.2,4.207106781186548,
Img000015.tif,155,6.0,2.763953195770684,341.8333333333333,288.3333333333333,5.0,
Img000015.tif,156,9.0,3.385137501286538,346.8888888888889,289.44444444444446,8.621320343559642,
Img000015.tif,157,20.0,5.046265044040321,357.0,289.75,19.207106781186546,
Img000015.tif,160,15.0,4.370193722368317,985.8,291.0,13.82842712474619,
Img000015.tif,166,5.0,2.5231325220201604,975.8,291.2,4.414213562373095,
Img000015.tif,167,20.0,5.046265044040321,200.9,293.25,17.44974746830583,
Img000015.tif,171,86.0,10.464157913908982,611.1162790697674,295.16279069767444,46.10660171779821,0.5083725445021067
Img000015.tif,172,12.0,3.9088200952233594,191.25,294.9166666666667,11.414213562373096,
Img000015.tif,175,16.0,4.51351666838205,326.0,297.1875,11.82842712474619,
Img000015.tif,176,23.0,5.4115163798060095,566.695652173913,296.95652173913044,23.621320343559642,
Img000015.tif,179,109.0,11.780624362746345,205.3577981651376,305.4036697247706,68.24873734152916,0.2940675613278694
Img000015.tif,182,17.0,4.652426491681278,604.8823529411765,307.29411764705884,13.035533905932738,
Img000015.tif,184,5.0,2.5231325220201604,11.4,307.0,4.621320343559642,
Img000015.tif,191,43.0,7.399277020331919,203.1860465116279,312.86046511627904,36.10660171779821,0.41448144063586684
Img000015.tif,218,9.0,3.385137501286538,624.4444444444445,376.55555555555554,8.82842712474619,
Img000015.tif,227,9.0,3.385137501286538,1091.4444444444443,395.3333333333333,6.414213562373095,
Img000015.tif,235,6.0,2.763953195770684,462.0,410.5,5.621320343559642,
Img000015.tif,236,6.0,2.763953195770684,899.0,415.5,4.0,
Img000015.tif,241,13.0,4.068428945128219,794.3076923076923,442.3076923076923,11.035533905932738,
Img000016.tif,2,293.0,19.314740138231286,18.50853242320819,135.8668941979522,97.91168824543142,0.38406824988673954
Img000016.tif,13,8.0,3.1915382432114616,284.5,157.5,8.0,
Img000016.tif,17,182.0,15.222667215103916,63.37362637362637,182.23626373626374,87.49137802864844,0.2987794601133784
Img000016.tif,18,7.0,2.985410660720923,294.0,176.71428571428572,6.82842712474619,
Img000016.tif,23,49.0,7.898654169668588,320.9795918367347,185.59183673469389,40.69238815542512,0.3718601045713369
Img000016.tif,26,17.0,4.652426491681278,251.58823529411765,189.76470588235293,15.0,
Img000016.tif,28,35.0,6.6755811781245455,357.6,189.45714285714286,30.449747468305834,0.4743626842911982
Img000016.tif,31,642.0,28.590554169515052,47.88785046728972,215.96105919003116,236.2670273047588,0.1445235623626536
Img000016.tif,34,119.0,12.309163489997376,8.184873949579831,209.9579831932773,62.38477631085023,0.38423735230394734
Img000016.tif,35,67.0,9.23618154310838,299.76119402985074,214.08955223880596,38.3492424049175,0.5724941972836948
Img000016.tif,37,127.0,12.716187407449045,1275.1811023622047,219.33070866141733,51.10660171779821,0.6110258405001768
Img000016.tif,43,510.0,25.482389366284572,1256.8431372549019,232.7764705882353,174.19595949289334,0.21120484938260692
Img000016.tif,46,15.0,4.370193722368317,307.93333333333334,223.2,12.82842712474619,
Img000016.tif,49,41.0,7.225151993843567,899.390243902439,229.1219512195122,25.106601717798213,0.8173684204632279
Img000016.tif,56,27.0,5.863230142835039,317.6666666666667,237.8148148148148,22.692388155425117,
Img000016.tif,58,12.0,3.9088200952233594,1230.0,237.66666666666666,11.0,
Img000016.tif,65,91.0,10.764051215546116,780.7912087912088,253.1978021978022,56.384776310850235,0.35968931158823203
Img000016.tif,66,16.0,4.51351666838205,821.25,245.375,14.82842712474619,
Img000016.tif,68,21.0,5.170882945826411,1231.4285714285713,245.95238095238096,16.035533905932738,
Img000016.tif,70,22.0,5.292567428401227,251.5,252.0,12.656854249492381,
Img000016.tif,76,19.0,4.918490759365935,647.8947368421053,257.89473684210526,16.65685424949238,
Img000016.tif,82,45.0,7.569397566060481,496.4,261.1333333333333,33.82842712474619,0.4941499626841806
Img000016.tif,85,21.0,5.170882945826411,649.8095238095239,265.95238095238096,15.82842712474619,
Img000016.tif,86,38.0,6.955796338302048,773.7105263157895,266.10526315789474,30.82842712474619,0.5024475416996784
Img000016.tif,90,12.0,3.9088200952233594,1092.0,271.1666666666667,11.207106781186548,
Img000016.tif,93,66.0,9.166995688475081,751.7272727272727,277.6363636363636,42.55634918610404,0.4579573905593885
Img000016.tif,104,12.0,3.9088200952233594,287.1666666666667,283.4166666666667,10.82842712474619,
Img000016.tif,111,7.0,2.985410660720923,0.2857142857142857,288.85714285714283,6.207106781186548,
Img000016.tif,122,43.0,7.399277020331919,254.95348837209303,294.51162790697674,27.242640687119284,0.7280813638130028
Img000016.tif,124,8.0,3.1915382432114616,1071.0,292.25,7.0,
Img000016.tif,137,6.0,2.763953195770684,810.0,300.3333333333333,5.449747468305834,
Img000016.tif,142,12.0,3.9088200952233594,1027.5833333333333,306.0,11.86396103067893,
Img000016.tif,154,36.0,6.770275002573076,236.5,321.69444444444446,31.27817459305202,0.4624125002744242
Img000016.tif,155,14.0,4.222008245644752,248.35714285714286,319.85714285714283,14.207106781186548,
Img000016.tif,156,5.0,2.5231325220201604,435.8,319.6,5.207106781186548,
Img000016.tif,163,7.0,2.985410660720923,326.2857142857143,338.7142857142857,5.82842712474619,
Img000016.tif,166,13.0,4.068428945128219,901.7692307692307,348.6923076923077,10.65685424949238,
Img000016.tif,177,11.0,3.742410318509555,725.9090909090909,376.6363636363636,9.414213562373096,
Img000016.tif,185,6.0,2.763953195770684,533.6666666666666,383.5,6.414213562373095,
Img000016.tif,187,9.0,3.385137501286538,100.44444444444444,387.8888888888889,7.621320343559642,
Img000016.tif,198,5.0,2.5231325220201604,535.2,401.8,4.207106781186548,
Img000016.tif,211,6.0,2.763953195770684,166.16666666666666,430.3333333333333,5.207106781186548,
Img000016.tif,215,12.0,3.9088200952233594,474.3333333333333,444.25,10.242640687119284,
Img000016.tif,216,30.0,6.180387232371033,468.0,446.03333333333336,22.071067811865476,0.7738992549097986
Img000017.tif,1,1630.0,45.55634377250127,39.23006134969325,161.56687116564416,384.62846301849606,0.13845690823005957
Img000017.tif,5,8.0,3.1915382432114616,6.875,173.625,7.207106781186548,
Img000017.tif,8,27.0,5.863230142835039,1132.5185185185185,180.1851851851852,22.071067811865476,
Img000017.tif,10,577.0,27.104597715372734,116.29636048526864,197.94627383015597,206.4386001800126,0.17013899616261494
Img000017.tif,11,15.0,4.370193722368317,1114.5333333333333,184.86666666666667,13.0,
Img000017.tif,15,441.0,23.695962509005764,1000.9705215419501,216.69160997732428,169.01828996322962,0.1939907609567247
Img000017.tif,24,43.0,7.399277020331919,1032.7906976744187,227.58139534883722,27.27817459305202,0.7261857293521693
Img000017.tif,26,102.0,11.396070970426017,454.1666666666667,234.36274509803923,47.17766952966369,0.5758867255471175
Img000017.tif,27,5.0,2.5231325220201604,619.8,230.4,5.207106781186548,
Img000017.tif,33,10.0,3.5682482323055424,622.9,234.9,8.207106781186548,
Img000017.tif,34,24.0,5.527906391541368,1119.2916666666667,236.41666666666666,18.899494936611667,
Img000017.tif,39,33.0,6.4820448144285745,1079.7575757575758,237.78787878787878,24.621320343559642,0.6840709162510356
Img000017.tif,41,35.0,6.6755811781245455,903.0857142857143,239.25714285714287,26.106601717798213,0.6453231144474548
Img000017.tif,43,7.0,2.985410660720923,449.2857142857143,240.42857142857142,7.207106781186548,
Img000017.tif,44,8.0,3.1915382432114616,893.875,240.625,8.414213562373096,
Img000017.tif,47,106.0,11.617374563210365,1126.2358490566037,244.37735849056602,45.83452377915607,0.6340598921786608
Img000017.tif,49,568.0,26.89237924411993,482.5616197183099,259.4718309859155,164.16042558696057,0.2648629800067755
Img000017.tif,50,31.0,6.282549314314218,898.1290322580645,244.67741935483872,24.621320343559642,0.6426120728418819
Img000017.tif,54,31.0,6.282549314314218,1177.1612903225807,252.16129032258064,21.31370849898476,0.8575382770773573
Img000017.tif,55,425.0,23.26213245840639,279.51529411764704,263.37882352941176,128.94722215136414,0.321199464474151
Img000017.tif,57,136.0,13.159049284959082,373.30882352941177,259.66911764705884,48.97056274847714,0.7126537632957891
Img000017.tif,62,8.0,3.1915382432114616,893.0,261.0,5.207106781186548,
Img000017.tif,77,11.0,3.742410318509555,361.6363636363636,273.6363636363636,7.0,
Img000017.tif,79,51.0,8.058239062071396,772.0784313725491,275.6666666666667,47.65685424949238,0.2821819929034889
Img000017.tif,82,32.0,6.383076486422923,751.53125,277.90625,24.692388155425117,0.6595286282010339
Img000017.tif,83,7.0,2.985410660720923,1129.4285714285713,276.57142857142856,7.207106781186548,
Img000017.tif,104,6.0,2.763953195770684,973.8333333333334,301.3333333333333,5.0,
Img000017.tif,125,5.0,2.5231325220201604,516.4,326.8,3.2071067811865475,
Img000017.tif,127,8.0,3.1915382432114616,679.0,330.125,3.82842712474619,
Img000017.tif,129,6.0,2.763953195770684,713.8333333333334,330.3333333333333,5.0,
Img000017.tif,134,9.0,3.385137501286538,867.2222222222222,356.8888888888889,9.207106781186548,
Img000017.tif,142,9.0,3.385137501286538,863.2222222222222,371.0,9.207106781186548,
Img000017.tif,145,6.0,2.763953195770684,860.5,374.3333333333333,6.414213562373095,
Img000017.tif,147,10.0,3.5682482323055424,850.8,381.4,9.035533905932738,
Img000017.tif,148,80.0,10.092530088080641,858.1125,385.1625,49.42031021678297,0.4116128426483021
Img000017.tif,152,6.0,2.763953195770684,195.5,387.0,4.0,
Img000017.tif,168,13.0,4.068428945128219,64.61538461538461,401.0,11.82842712474619,
Img000017.tif,171,8.0,3.1915382432114616,161.75,407.125,7.414213562373095,
Img000018.tif,1,123.0,12.514330345744634,855.0650406504066,165.6829268292683,62.384776310850235,0.39715289355786143
Img000018.tif,3,32.0,6.383076486422923,521.90625,170.125,22.86396103067893,0.7692312158903958
Img000018.tif,4,33.0,6.4820448144285745,866.7575757575758,183.1818181818182,22.27817459305202,0.8355349050491779
Img000018.tif,5,36.0,6.770275002573076,1273.3333333333333,196.19444444444446,21.071067811865476,1.0189180956789345
Img000018.tif,9,365.0,21.557653718072718,725.5972602739726,215.6027397260274,174.77564927611036,0.15015537403542173
Img000018.tif,12,45.0,7.569397566060481,1266.9777777777779,214.64444444444445,32.97056274847714,0.5201991738342567
Img000018.tif,14,59.0,8.667244841319219,79.45762711864407,217.16949152542372,35.935028842544405,0.5741506755067123
Img000018.tif,16,119.0,12.309163489997376,792.6302521008404,220.14285714285714,60.834523779156065,0.40406999293416285
Img000018.tif,19,17.0,4.652426491681278,1252.0588235294117,223.11764705882354,13.035533905932738,
Img000018.tif,20,13.0,4.068428945128219,728.6923076923077,223.23076923076923,12.207106781186548,
Img000018.tif,22,56.0,8.444016491289505,348.01785714285717,226.92857142857142,29.727922061357855,0.7962854562048618
Img000018.tif,23,5.0,2.5231325220201604,721.8,224.4,5.207106781186548,
Img000018.tif,24,140.0,13.351162356249091,829.1214285714286,235.80714285714285,80.49137802864844,0.2715433517693197
Img000018.tif,26,16.0,4.51351666838205,171.8125,233.6875,13.242640687119284,
Img000018.tif,32,28.0,5.970821321441846,711.2142857142857,235.28571428571428,25.621320343559642,
Img000018.tif,40,14.0,4.222008245644752,706.5714285714286,241.21428571428572,11.449747468305832,
Img000018.tif,43,8.0,3.1915382432114616,198.875,247.625,6.0,
Img000018.tif,47,309.0,19.83509564693766,198.0873786407767,258.80906148867314,110.53300858899107,0.31782229620706165
Img000018.tif,48,5.0,2.5231325220201604,1269.0,249.0,3.0,
Img000018.tif,49,5.0,2.5231325220201604,1275.0,249.0,3.0,
Img000018.tif,52,387.0,22.197831060995757,87.76485788113695,260.4263565891473,117.70458146424488,0.35102180431925184
Img000018.tif,54,96.0,11.055812783082736,3.0625,261.1875,38.72792206135786,0.8043271079109842
Img000018.tif,56,105.0,11.562445770562215,865.5333333333333,268.7809523809524,51.9350288425444,0.48919094412088104
Img000018.tif,63,7.0,2.985410660720923,943.1428571428571,266.2857142857143,6.207106781186548,
Img000018.tif,64,5.0,2.5231325220201604,949.6,268.4,4.414213562373095,
Img000018.tif,65,45.0,7.569397566060481,192.66666666666666,273.24444444444447,36.89949493661166,0.41531874618830433
Img000018.tif,66,22.0,5.292567428401227,79.81818181818181,272.0,16.82842712474619,
Img000018.tif,72,85.0,10.403141895720198,840.6235294117647,277.6,49.55634918610404,0.4349408319789236
Img000018.tif,73,15.0,4.370193722368317,856.0,276.8,13.035533905932738,
Img000018.tif,77,7.0,2.985410660720923,1239.0,278.57142857142856,5.207106781186548,
Img000018.tif,81,35.0,6.6755811781245455,1081.4571428571428,286.57142857142856,22.82842712474619,0.8439679005211062
Img000018.tif,98,11.0,3.742410318509555,721.7272727272727,294.1818181818182,10.207106781186548,
Img000018.tif,101,17.0,4.652426491681278,326.47058823529414,296.47058823529414,13.863961030678928,
Img000018.tif,105,9.0,3.385137501286538,381.55555555555554,304.6666666666667,8.207106781186548,
Img000018.tif,107,5.0,2.5231325220201604,376.4,306.8,5.207106781186548,
Img000018.tif,125,8.0,3.1915382432114616,351.875,347.875,7.414213562373095,
Img000018.tif,137,11.0,3.742410318509555,840.0,381.72727272727275,9.207106781186548,
Img000018.tif,141,5.0,2.5231325220201604,529.4,382.8,5.207106781186548,
Img000019.tif,2,285.0,19.04923279949934,594.2526315789473,171.4561403508772,121.42640687119285,0.24290051524121906
Img000019.tif,4,242.0,17.55346033766304,979.9504132231405,205.73140495867767,71.49137802864844,0.5950012707599793
Img000019.tif,6,534.0,26.075082298788182,437.28464419475654,218.43445692883896,199.57463914933368,0.16847692049284324
Img000019.tif,7,298.0,19.47884453275087,489.0872483221477,214.58724832214764,72.698484809835,0.7085580058823719
Img000019.tif,8,86.0,10.464157913908982,367.0581395348837,213.53488372093022,51.72792206135786,0.4038854885675527
Img000019.tif,10,6.0,2.763953195770684,391.5,213.0,4.0,
Img000019.tif,12,154.0,14.002817212590296,527.3116883116883,224.92857142857142,75.5269119345812,0.33925568086916613
Img000019.tif,14,166.0,14.538148590038452,77.1987951807229,224.8132530120482,69.24873734152916,0.43500498516662234
Img000019.tif,17,372.0,21.76338922689847,1061.784946236559,234.73387096774192,196.43250352560273,0.12115074814899006
Img000019.tif,29,5.0,2.5231325220201604,962.2,226.6,3.2071067811865475,
Img000019.tif,40,9.0,3.385137501286538,328.6666666666667,240.33333333333334,8.207106781186548,
Img000019.tif,45,13.0,4.068428945128219,1088.6153846153845,247.3846153846154,11.621320343559642,
Img000019.tif,47,5.0,2.5231325220201604,306.8,254.2,4.207106781186548,
Img000019.tif,48,7.0,2.985410660720923,2.0,257.85714285714283,6.207106781186548,
Img000019.tif,62,6.0,2.763953195770684,348.8333333333333,270.8333333333333,5.82842712474619,
Img000019.tif,64,6.0,2.763953195770684,344.1666666666667,272.8333333333333,5.207106781186548,
Img000019.tif,71,33.0,6.4820448144285745,1031.3939393939395,282.57575757575756,24.242640687119284,0.7056087450593592
Img000019.tif,83,72.0,9.574614729634384,1158.6527777777778,291.7638888888889,51.59188309203678,0.3399222563179105
Img000019.tif,90,43.0,7.399277020331919,1183.1627906976744,291.1162790697674,34.03553390593274,0.4664586857295316
Img000019.tif,95,8.0,3.1915382432114616,1124.75,293.625,8.414213562373096,
Img000019.tif,96,31.0,6.282549314314218,1135.5806451612902,293.0967741935484,25.65685424949238,0.5917860776113248
Img000019.tif,97,9.0,3.385137501286538,1202.7777777777778,292.6666666666667,9.414213562373096,
Img000019.tif,106,8.0,3.1915382432114616,298.25,303.0,6.0,
Img000019.tif,110,13.0,4.068428945128219,926.0769230769231,302.3076923076923,12.242640687119284,
Img000019.tif,125,5.0,2.5231325220201604,903.8,321.2,4.621320343559642,
Img000019.tif,135,5.0,2.5231325220201604,130.2,370.2,5.414213562373095,
Img000019.tif,146,34.0,6.579524642479541,1132.1176470588234,390.05882352941177,23.48528137423857,0.7746352316494564
Img000019.tif,148,6.0,2.763953195770684,945.6666666666666,392.1666666666667,6.414213562373095,
Img000019.tif,167,6.0,2.763953195770684,699.3333333333334,417.3333333333333,5.414213562373095,
Img000020.tif,1,17.0,4.652426491681278,19.176470588235293,145.94117647058823,11.621320343559642,
Img000020.tif,2,88.0,10.585134856802455,20.46590909090909,151.02272727272728,51.97056274847714,0.40942814828720825
Img000020.tif,3,419.0,23.09734550211416,326.0143198090692,166.45823389021479,147.95331880577402,0.24053288707721263
Img000020.tif,5,23.0,5.4115163798060095,732.0,156.65217391304347,17.86396103067893,
Img000020.tif,6,78.0,9.965574970333758,734.2692307692307,175.3846153846154,33.89949493661166,0.8529390756686359
Img000020.tif,8,45.0,7.569397566060481,237.6888888888889,194.55555555555554,28.65685424949238,0.6885973517065865
Img000020.tif,10,362.0,21.468877828012552,675.3397790055249,216.74861878453038,166.64570696119915,0.16380613919688888
Img000020.tif,12,252.0,17.91246396432554,187.0079365079365,216.6031746031746,84.14823227814082,0.44721916936204303
Img000020.tif,13,665.0,29.098183744847088,1264.1353383458647,224.73834586466165,221.5391052434009,0.17026709038658763
Img000020.tif,17,206.0,16.195287778099022,240.62135922330097,217.10194174757282,73.45584412271572,0.4797603765978187
Img000020.tif,22,128.0,12.766152972845846,502.421875,219.3671875,55.698484809834994,0.5184812692494228
Img000020.tif,23,10.0,3.5682482323055424,536.0,216.8,9.035533905932738,
Img000020.tif,29,77.0,9.901487006738307,751.4545454545455,225.33766233766235,41.72792206135786,0.5557085414360626
Img000020.tif,33,118.0,12.257335203001883,233.4322033898305,227.52542372881356,69.59188309203678,0.3061785026352445
Img000020.tif,35,5.0,2.5231325220201604,213.8,226.4,5.207106781186548,
Img000020.tif,36,11.0,3.742410318509555,220.1818181818182,230.63636363636363,8.414213562373096,
Img000020.tif,37,6.0,2.763953195770684,625.6666666666666,232.16666666666666,6.414213562373095,
Img000020.tif,41,316.0,20.0585068271871,618.5696202531645,241.20253164556962,98.56244584051393,0.4087652821681058
Img000020.tif,47,209.0,16.312788383647018,358.6937799043062,250.44497607655504,89.42031021678297,0.3284609962163013
Img000020.tif,53,8.0,3.1915382432114616,634.75,248.625,7.621320343559642,
Img000020.tif,55,5.0,2.5231325220201604,371.2,251.0,4.621320343559642,
Img000020.tif,56,73.0,9.640875829802336,291.26027397260276,254.72602739726028,50.3492424049175,0.3618652200336542
Img000020.tif,58,205.0,16.15593100600236,1269.8439024390243,265.7609756097561,122.2193000900063,0.17245831575451326
Img000020.tif,60,219.0,16.698486766680407,258.8082191780822,261.24657534246575,82.76955262170047,0.4017101112348579
Img000020.tif,61,61.0,8.812923024107548,1194.4262295081967,258.3114754098361,43.10660171779821,0.41252675948574224
Img000020.tif,72,5.0,2.5231325220201604,316.4,268.6,3.2071067811865475,
Img000020.tif,73,22.0,5.292567428401227,329.90909090909093,269.27272727272725,17.449747468305834,
Img000020.tif,75,9.0,3.385137501286538,512.7777777777778,272.3333333333333,8.242640687119284,
Img000020.tif,77,6.0,2.763953195770684,581.5,271.5,6.414213562373095,
Img000020.tif,78,7.0,2.985410660720923,590.2857142857143,271.14285714285717,6.207106781186548,
Img000020.tif,85,5.0,2.5231325220201604,690.6,274.2,5.207106781186548,
Img000020.tif,90,17.0,4.652426491681278,1166.3529411764705,275.4117647058824,15.621320343559642,
Img000020.tif,93,13.0,4.068428945128219,667.5384615384615,277.61538461538464,11.207106781186548,
Img000020.tif,96,12.0,3.9088200952233594,762.5,278.75,11.207106781186548,
Img000020.tif,102,38.0,6.955796338302048,783.6578947368421,285.7105263157895,26.970562748477143,0.6564678235087834
Img000020.tif,112,61.0,8.812923024107548,1215.704918032787,286.08196721311475,36.76345596729059,0.5671618854870072
Img000020.tif,115,13.0,4.068428945128219,333.61538461538464,286.2307692307692,13.828427124746192,
Img000020.tif,120,37.0,6.863662517577698,811.1621621621622,287.5945945945946,23.65685424949238,0.8308021269739624
Img000020.tif,137,5.0,2.5231325220201604,832.2,305.4,5.207106781186548,
Img000020.tif,143,5.0,2.5231325220201604,214.8,314.4,4.414213562373095,
Img000020.tif,144,6.0,2.763953195770684,219.66666666666666,314.5,6.414213562373095,
Img000020.tif,165,34.0,6.579524642479541,569.2647058823529,325.0,25.035533905932738,0.6816713885123792
Img000020.tif,166,16.0,4.51351666838205,581.6875,325.1875,13.242640687119284,
Img000020.tif,183,6.0,2.763953195770684,0.3333333333333333,396.5,6.414213562373095,
Img000020.tif,190,6.0,2.763953195770684,682.8333333333334,407.5,4.207106781186548,
Img000020.tif,195,6.0,2.763953195770684,648.6666666666666,416.6666666666667,5.414213562373095,
Img000020.tif,198,92.0,10.823032759612019,629.3152173913044,428.55434782608694,48.21320343559643,0.49735411405383995
Img000020.tif,199,8.0,3.1915382432114616,1210.25,427.0,8.621320343559642,
Img000020.tif,202,142.0,13.446189622059965,611.4014084507043,443.1478873239437,56.62741699796952,0.5564737774868748
Img000021.tif,1,612.0,27.914558950087667,61.17483660130719,161.02777777777777,151.0893577750951,0.33689420125601627
Img000021.tif,2,6.0,2.763953195770684,450.0,152.5,6.0,
Img000021.tif,3,255.0,18.01877032173579,453.121568627451,164.30980392156863,74.73401871576773,0.5737376781614739
Img000021.tif,7,341.0,20.83685880248485,392.3108504398827,207.97947214076245,95.18376618407356,0.4729753132525779
Img000021.tif,8,28.0,5.970821321441846,932.6428571428571,198.5,27.0,
Img000021.tif,9,9.0,3.385137501286538,919.4444444444445,200.22222222222223,8.0,
Img000021.tif,10,38.0,6.955796338302048,1078.0263157894738,204.92105263157896,28.31370849898476,0.5956620716760912
Img000021.tif,11,7.0,2.985410660720923,901.7142857142857,208.28571428571428,6.0,
Img000021.tif,14,127.0,12.716187407449045,997.5905511811023,215.63779527559055,66.79898987322332,0.3576628185186401
Img000021.tif,17,48.0,7.817640190446719,230.1875,216.33333333333334,31.27817459305202,0.6165500003658989
Img000021.tif,19,6.0,2.763953195770684,237.83333333333334,217.83333333333334,6.242640687119286,
Img000021.tif,21,43.0,7.399277020331919,951.3255813953489,219.8139534883721,33.69238815542512,0.47600852297055146
Img000021.tif,25,17.0,4.652426491681278,258.2352941176471,221.1764705882353,14.035533905932738,
Img000021.tif,26,22.0,5.292567428401227,396.0,222.36363636363637,15.65685424949238,
Img000021.tif,28,1105.0,37.50906153094682,1052.5945701357466,237.22986425339366,283.5512985522207,0.17270657077362994
Img000021.tif,31,61.0,8.812923024107548,1096.27868852459,225.4262295081967,34.9350288425444,0.6280836479084425
Img000021.tif,32,7.0,2.985410660720923,228.57142857142858,224.28571428571428,6.0,
Img000021.tif,37,63.0,8.95623198216277,792.7777777777778,232.88888888888889,35.7634559672906,0.6189726418110055
Img000021.tif,38,161.0,14.317526556719258,334.7329192546584,234.55900621118013,52.76345596729059,0.726723614359104
Img000021.tif,40,11.0,3.742410318509555,511.90909090909093,236.63636363636363,9.414213562373096,
Img000021.tif,45,11.0,3.742410318509555,510.8181818181818,242.36363636363637,10.449747468305834,
Img000021.tif,46,6.0,2.763953195770684,926.5,241.33333333333334,5.207106781186548,
Img000021.tif,50,433.0,23.480049464818542,946.8845265588915,252.1431870669746,162.04772721475248,0.20721055400280786
Img000021.tif,54,264.0,18.333991376950163,79.99621212121212,251.13636363636363,66.49137802864846,0.7503832364784059
Img000021.tif,63,9.0,3.385137501286538,816.8888888888889,251.22222222222223,8.242640687119286,
Img000021.tif,64,7.0,2.985410660720923,823.2857142857143,251.57142857142858,6.414213562373096,
Img000021.tif,65,10.0,3.5682482323055424,910.3,251.1,8.82842712474619,
Img000021.tif,66,6.0,2.763953195770684,514.5,252.0,4.0,
Img000021.tif,69,10.0,3.5682482323055424,1007.3,254.2,8.621320343559644,
Img000021.tif,75,11.0,3.742410318509555,430.3636363636364,257.72727272727275,9.207106781186548,
Img000021.tif,76,23.0,5.4115163798060095,1275.0869565217392,258.8695652173913,18.035533905932738,
Img000021.tif,80,117.0,12.205286835384658,800.1880341880342,261.3076923076923,59.62741699796952,0.41352686853343806
Img000021.tif,82,85.0,10.403141895720198,420.15294117647056,266.88235294117646,57.97056274847714,0.3178438093873943
Img000021.tif,86,64.0,9.0270333367641,980.1875,262.9375,46.621320343559645,0.37001616730501496
Img000021.tif,90,356.0,21.290215544369623,835.8876404494382,268.6179775280899,156.9116882454314,0.18169763386865345
Img000021.tif,93,10.0,3.5682482323055424,1126.0,267.5,8.82842712474619,
Img000021.tif,104,149.0,13.773623058786647,983.8993288590603,281.3288590604027,66.31980515339464,0.4257058803924144
Img000021.tif,113,6.0,2.763953195770684,839.1666666666666,281.8333333333333,5.414213562373095,
Img000021.tif,116,60.0,8.740387444736633,419.76666666666665,286.15,34.970562748477136,0.616532354173934
Img000021.tif,130,17.0,4.652426491681278,1168.8823529411766,288.52941176470586,14.82842712474619,
Img000021.tif,138,11.0,3.742410318509555,873.8181818181819,291.3636363636364,10.414213562373096,
Img000021.tif,142,45.0,7.569397566060481,558.8666666666667,296.31111111111113,34.071067811865476,0.487136742918448
Img000021.tif,145,8.0,3.1915382432114616,420.75,295.625,7.414213562373095,
Img000021.tif,146,12.0,3.9088200952233594,569.4166666666666,296.5,10.035533905932738,
Img000021.tif,149,5.0,2.5231325220201604,1136.0,295.6,5.414213562373095,
Img000021.tif,154,5.0,2.5231325220201604,857.8,297.6,5.207106781186548,
Img000021.tif,159,9.0,3.385137501286538,853.8888888888889,299.1111111111111,7.207106781186548,
Img000021.tif,163,60.0,8.740387444736633,410.0833333333333,303.8666666666667,40.14213562373095,0.4679076725185104
Img000021.tif,169,7.0,2.985410660720923,421.7142857142857,305.42857142857144,7.65685424949238,
Img000021.tif,173,62.0,8.884866446580956,498.93548387096774,309.51612903225805,41.31370849898476,0.4564710000913184
Img000021.tif,177,7.0,2.985410660720923,417.14285714285717,311.85714285714283,7.414213562373095,
Img000021.tif,178,10.0,3.5682482323055424,429.1,312.3,9.035533905932738,
Img000021.tif,180,9.0,3.385137501286538,89.88888888888889,314.1111111111111,8.414213562373096,
Img000021.tif,182,7.0,2.985410660720923,522.0,313.0,5.0,
Img000021.tif,191,5.0,2.5231325220201604,240.8,319.6,4.414213562373095,
Img000021.tif,208,5.0,2.5231325220201604,1178.4,391.6,4.414213562373095,
Img000021.tif,209,6.0,2.763953195770684,788.0,393.3333333333333,4.207106781186548,
Img000022.tif,1,406.0,22.736210219877808,173.88916256157634,155.5886699507389,98.6335136523794,0.5244292286889247
Img000022.tif,6,16.0,4.51351666838205,97.0,183.6875,15.035533905932738,
Img000022.tif,8,45.0,7.569397566060481,970.3555555555556,188.13333333333333,28.071067811865476,0.7176364862990148
Img000022.tif,12,19.0,4.918490759365935,898.9473684210526,194.05263157894737,14.621320343559642,
Img000022.tif,13,245.0,17.66192765414112,689.0,199.37142857142857,117.17766952966369,0.22422613739774114
Img000022.tif,14,46.0,7.653039857325812,6.913043478260869,202.84782608695653,32.72792206135786,0.5396731745428138
Img000022.tif,18,7.0,2.985410660720923,16.0,204.0,6.82842712474619,
Img000022.tif,23,25.0,5.641895835477563,1.72,217.12,21.44974746830583,
Img000022.tif,27,362.0,21.468877828012552,239.27348066298342,239.09116022099448,91.59797974644667,0.5421839338644154
Img000022.tif,28,127.0,12.716187407449045,515.4015748031496,231.78740157480314,66.6923881554251,0.3588071152982134
Img000022.tif,36,5.0,2.5231325220201604,429.4,235.2,5.207106781186548,
Img000022.tif,42,8.0,3.1915382432114616,292.875,239.5,8.621320343559642,
Img000022.tif,44,6.0,2.763953195770684,482.5,239.66666666666666,6.414213562373095,
Img000022.tif,46,74.0,9.706684619910241,484.18918918918916,245.74324324324326,56.48528137423857,0.29145465144389654
Img000022.tif,47,6.0,2.763953195770684,491.5,243.0,4.0,
Img000022.tif,51,133.0,13.013103375051497,984.984962406015,254.33834586466165,94.52691193458118,0.18704692131555342
Img000022.tif,52,78.0,9.965574970333758,919.2692307692307,253.83333333333334,53.55634918610405,0.3417295524011721
Img000022.tif,53,6.0,2.763953195770684,1114.0,251.5,6.0,
Img000022.tif,55,365.0,21.557653718072718,199.3232876712329,264.5780821917808,147.8111831820431,0.2099365914508825
Img000022.tif,57,11.0,3.742410318509555,712.0909090909091,256.27272727272725,8.414213562373096,
Img000022.tif,58,287.0,19.115955360352558,950.6585365853658,259.6306620209059,128.84062043356593,0.21726318695210378
Img000022.tif,60,50.0,7.978845608028654,1134.88,255.5,31.65685424949238,0.6269665269494973
Img000022.tif,65,11.0,3.742410318509555,226.0,259.3636363636364,8.207106781186548,
Img000022.tif,72,9.0,3.385137501286538,232.0,262.6666666666667,7.621320343559642,
Img000022.tif,73,8.0,3.1915382432114616,236.25,261.0,6.0,
Img000022.tif,74,114.0,12.047792665040703,675.061403508772,264.49122807017545,75.79898987322332,0.24933765988815348
Img000022.tif,79,23.0,5.4115163798060095,225.65217391304347,263.60869565217394,20.485281374238568,
Img000022.tif,82,8.0,3.1915382432114616,984.0,262.75,7.0,
Img000022.tif,86,83.0,10.280023453913834,1114.3253012048192,264.09638554216866,46.86396103067892,0.47490852980498116
Img000022.tif,87,7.0,2.985410660720923,1025.0,264.0,5.0,
Img000022.tif,91,5.0,2.5231325220201604,543.8,267.6,5.207106781186548,
Img000022.tif,104,155.0,14.048207338801282,550.9806451612903,278.46451612903223,60.04163056034261,0.5403020387863379
Img000022.tif,106,5.0,2.5231325220201604,1135.8,279.6,5.207106781186548,
Img000022.tif,120,173.0,14.841510746523857,210.96531791907515,295.26589595375725,84.11269837220809,0.30727896832683704
Img000022.tif,122,278.0,18.81384047546846,534.0647482014389,299.1223021582734,120.66904755831213,0.23991803194019387
Img000022.tif,125,7.0,2.985410660720923,676.0,291.85714285714283,5.207106781186548,
Img000022.tif,128,6.0,2.763953195770684,791.0,290.5,6.0,
Img000022.tif,132,5.0,2.5231325220201604,789.6,293.6,4.207106781186548,
Img000022.tif,134,5.0,2.5231325220201604,221.8,295.2,4.414213562373095,
Img000022.tif,135,5.0,2.5231325220201604,450.2,294.4,5.207106781186548,
Img000022.tif,141,14.0,4.222008245644752,254.14285714285714,301.85714285714283,11.621320343559642,
Img000022.tif,142,10.0,3.5682482323055424,552.1,301.2,9.414213562373096,
Img000022.tif,144,5.0,2.5231325220201604,250.8,304.8,4.207106781186548,
Img000022.tif,159,12.0,3.9088200952233594,1134.8333333333333,332.3333333333333,9.82842712474619,
Img000022.tif,175,5.0,2.5231325220201604,1227.2,383.6,4.414213562373095,
Img000022.tif,176,7.0,2.985410660720923,1231.2857142857142,383.57142857142856,7.65685424949238,
Img000022.tif,182,8.0,3.1915382432114616,288.0,401.25,7.414213562373095,
Img000022.tif,191,6.0,2.763953195770684,241.33333333333334,423.5,6.414213562373095,
Img000023.tif,1,112.0,11.941642642883693,639.4821428571429,172.11607142857142,63.62741699796952,0.34764765199465725
Img000023.tif,3,23.0,5.4115163798060095,716.4782608695652,171.7826086956522,17.485281374238568,
Img000023.tif,4,32.0,6.383076486422923,512.3125,173.46875,21.44974746830583,0.8740081357235736
Img000023.tif,5,36.0,6.770275002573076,514.1944444444445,181.63888888888889,27.520815280171306,0.5972962306930015
Img000023.tif,7,69.0,9.373021315815206,419.9130434782609,187.97101449275362,43.7634559672906,0.4527263094897457
Img000023.tif,9,719.0,30.256556854086718,339.2837273991655,201.3546592489569,158.66904755831212,0.3588841884267517
Img000023.tif,13,31.0,6.282549314314218,380.258064516129,205.41935483870967,25.207106781186546,0.6130918678329097
Img000023.tif,15,5.0,2.5231325220201604,293.0,204.0,3.0,
Img000023.tif,18,23.0,5.4115163798060095,391.8695652173913,205.43478260869566,21.106601717798213,
Img000023.tif,20,66.0,9.166995688475081,1247.3030303030303,223.75757575757575,33.384776310850235,0.7441437838180562
Img000023.tif,22,17.0,4.652426491681278,306.47058823529414,232.2941176470588,15.035533905932738,
Img000023.tif,26,63.0,8.95623198216277,956.4761904761905,235.93650793650792,45.55634918610404,0.38146314692719396
Img000023.tif,28,42.0,7.312732791431452,1106.3809523809523,237.14285714285714,32.14213562373095,0.5108691715009552
Img000023.tif,30,267.0,18.437867513470433,980.4232209737828,242.64044943820224,83.49137802864846,0.48132438774021236
Img000023.tif,31,106.0,11.617374563210365,18.61320754716981,244.23584905660377,77.66295090390226,0.22084519422218912
Img000023.tif,39,990.0,35.50362163621919,1237.610101010101,251.43636363636364,265.9238815542512,0.1759261408259444
Img000023.tif,42,5.0,2.5231325220201604,864.2,246.4,5.207106781186548,
Img000023.tif,43,318.0,20.12188299403865,877.1320754716982,253.17295597484278,155.01219330881975,0.16630498273284425
Img000023.tif,45,11.0,3.742410318509555,1066.7272727272727,247.36363636363637,7.0,
Img000023.tif,49,15.0,4.370193722368317,943.1333333333333,248.8,14.242640687119284,
Img000023.tif,51,5.0,2.5231325220201604,13.0,250.0,3.0,
Img000023.tif,53,5.0,2.5231325220201604,19.6,250.8,5.207106781186548,
Img000023.tif,59,221.0,16.774562271083887,831.1357466063348,255.7737556561086,79.21320343559641,0.4425954898890582
Img000023.tif,67,49.0,7.898654169668588,392.81632653061223,257.1224489795918,35.27817459305202,0.49475903476116095
Img000023.tif,70,143.0,13.493452297211721,276.12587412587413,263.4755244755245,82.45584412271572,0.2643035627867963
Img000023.tif,74,5.0,2.5231325220201604,944.2,259.6,5.207106781186548,
Img000023.tif,78,13.0,4.068428945128219,1134.8461538461538,260.38461538461536,10.449747468305832,
Img000023.tif,80,227.0,17.000746355818674,322.0837004405286,264.3303964757709,86.00609665440987,0.3856357122832922
Img000023.tif,82,7.0,2.985410660720923,574.5714285714286,261.2857142857143,6.0,
Img000023.tif,87,9.0,3.385137501286538,1191.5555555555557,260.6666666666667,7.621320343559642,
Img000023.tif,93,9.0,3.385137501286538,301.22222222222223,262.8888888888889,6.207106781186548,
Img000023.tif,96,6.0,2.763953195770684,554.3333333333334,265.0,5.449747468305834,
Img000023.tif,98,14.0,4.222008245644752,566.3571428571429,265.57142857142856,13.414213562373096,
Img000023.tif,99,7.0,2.985410660720923,766.8571428571429,264.57142857142856,6.207106781186548,
Img000023.tif,101,54.0,8.291859587312052,784.7592592592592,267.6111111111111,40.89949493661167,0.40566518181882666
Img000023.tif,103,5.0,2.5231325220201604,699.2,268.4,4.414213562373095,
Img000023.tif,109,14.0,4.222008245644752,842.7857142857143,271.14285714285717,12.414213562373096,
Img000023.tif,121,6.0,2.763953195770684,35.333333333333336,276.1666666666667,5.207106781186548,
Img000023.tif,123,10.0,3.5682482323055424,1208.0,277.2,8.82842712474619,
Img000023.tif,133,5.0,2.5231325220201604,570.6,284.6,3.2071067811865475,
Img000023.tif,139,5.0,2.5231325220201604,469.2,294.4,4.414213562373095,
Img000023.tif,142,17.0,4.652426491681278,463.88235294117646,300.1764705882353,13.242640687119284,
Img000023.tif,150,61.0,8.812923024107548,276.9016393442623,315.78688524590166,44.7634559672906,0.382553765607272
Img000023.tif,151,8.0,3.1915382432114616,286.25,314.25,6.82842712474619,
Img000023.tif,169,11.0,3.742410318509555,173.0,341.27272727272725,8.82842712474619,
Img000023.tif,174,20.0,5.046265044040321,686.65,366.3,15.863961030678928,
Img000023.tif,175,6.0,2.763953195770684,692.5,364.5,6.414213562373095,
Img000024.tif,1,147.0,13.680870333281758,372.5034013605442,160.30612244897958,65.56244584051393,0.42975100918446113
Img000024.tif,2,10.0,3.5682482323055424,136.2,160.3,10.242640687119286,
Img000024.tif,3,149.0,13.773623058786647,237.0738255033557,174.46979865771812,90.49137802864846,0.22865554031639895
Img000024.tif,4,10.0,3.5682482323055424,443.5,165.3,7.82842712474619,
Img000024.tif,6,17.0,4.652426491681278,445.2352941176471,170.58823529411765,17.414213562373096,
Img000024.tif,8,359.0,21.37973331358283,125.38161559888579,187.033426183844,103.35533905932738,0.42231691892070217
Img000024.tif,12,13.0,4.068428945128219,787.5384615384615,219.3846153846154,9.82842712474619,
Img000024.tif,16,7.0,2.985410660720923,596.0,227.28571428571428,6.82842712474619,
Img000024.tif,17,5.0,2.5231325220201604,592.0,230.0,5.414213562373095,
Img000024.tif,20,43.0,7.399277020331919,170.27906976744185,235.13953488372093,31.899494936611664,0.5310197888740306
Img000024.tif,25,235.0,17.297725082009,637.3021276595745,245.1872340425532,107.25483399593904,0.2567107031209991
Img000024.tif,30,5.0,2.5231325220201604,927.6,240.2,5.207106781186548,
Img000024.tif,35,157.0,14.138550439257221,432.343949044586,247.36942675159236,75.24873734152916,0.3484264230914653
Img000024.tif,36,6.0,2.763953195770684,1275.3333333333333,243.5,6.414213562373095,
Img000024.tif,38,63.0,8.95623198216277,574.3968253968254,246.1904761904762,40.520815280171306,0.4821632034502792
Img000024.tif,39,8.0,3.1915382432114616,592.125,244.5,6.414213562373095,
Img000024.tif,40,5.0,2.5231325220201604,916.6,244.2,4.414213562373095,
Img000024.tif,44,17.0,4.652426491681278,606.6470588235294,250.23529411764707,16.414213562373096,
Img000024.tif,50,7.0,2.985410660720923,591.1428571428571,250.28571428571428,6.207106781186548,
Img000024.tif,52,13.0,4.068428945128219,636.0769230769231,252.69230769230768,10.207106781186548,
Img000024.tif,53,168.0,14.625465582862905,401.2738095238095,257.1011904761905,85.55634918610404,0.28841288386691005
Img000024.tif,55,5.0,2.5231325220201604,588.2,252.8,4.0,
Img000024.tif,57,7.0,2.985410660720923,446.42857142857144,256.2857142857143,7.207106781186548,
Img000024.tif,59,12.0,3.9088200952233594,631.5,255.33333333333334,9.414213562373096,
Img000024.tif,63,10.0,3.5682482323055424,440.3,256.8,8.207106781186548,
Img000024.tif,67,5.0,2.5231325220201604,560.0,257.0,3.0,
Img000024.tif,68,105.0,11.562445770562215,581.2666666666667,259.96190476190475,62.24873734152916,0.3405164286978581
Img000024.tif,71,54.0,8.291859587312052,972.8703703703703,257.98148148148147,42.03553390593274,0.3840347182382491
Img000024.tif,73,128.0,12.766152972845846,222.0390625,261.359375,70.5208152801713,0.3234336372398904
Img000024.tif,79,5.0,2.5231325220201604,421.8,263.0,5.621320343559642,
Img000024.tif,81,5.0,2.5231325220201604,3.2,266.0,3.2071067811865475,
Img000024.tif,83,50.0,7.978845608028654,499.88,265.9,35.48528137423857,0.4989802564408183
Img000024.tif,91,24.0,5.527906391541368,462.8333333333333,268.375,22.0,
Img000024.tif,95,46.0,7.653039857325812,11.956521739130435,274.0652173913044,34.31370849898477,0.4909444791921916
Img000024.tif,97,75.0,9.772050238058398,480.12,273.36,49.14213562373095,0.39026811887817214
Img000024.tif,98,452.0,23.98967015655475,36.41150442477876,281.5685840707965,186.3319984622144,0.16359627658297407
Img000024.tif,99,30.0,6.180387232371033,219.46666666666667,273.9,25.48528137423857,0.5804332100361662
Img000024.tif,100,5.0,2.5231325220201604,229.0,272.0,3.0,
Img000024.tif,102,122.0,12.463355264843006,948.5819672131148,277.7295081967213,73.87005768508881,0.2809524465922644
Img000024.tif,107,6.0,2.763953195770684,26.5,276.0,4.0,
Img000024.tif,114,5.0,2.5231325220201604,77.8,279.6,5.207106781186548,
Img000024.tif,128,8.0,3.1915382432114616,780.0,285.75,7.82842712474619,
Img000024.tif,129,6.0,2.763953195770684,961.0,284.8333333333333,4.414213562373095,
Img000024.tif,130,48.0,7.817640190446719,972.375,285.5,32.48528137423857,0.5715810682816149
Img000024.tif,134,127.0,12.716187407449045,54.275590551181104,291.48818897637796,52.798989873223334,0.5724826868891721
Img000024.tif,135,6.0,2.763953195770684,67.83333333333333,289.0,5.207106781186548,
Img000024.tif,141,5.0,2.5231325220201604,162.8,291.6,4.414213562373095,
Img000024.tif,143,24.0,5.527906391541368,153.75,293.9583333333333,21.242640687119284,
Img000024.tif,147,112.0,11.941642642883693,29.839285714285715,298.5982142857143,72.35533905932738,0.2688355640910627
Img000024.tif,171,9.0,3.385137501286538,154.0,316.0,8.0,
Img000024.tif,173,10.0,3.5682482323055424,8.7,317.7,9.449747468305834,
Img000024.tif,194,21.0,5.170882945826411,1202.4285714285713,400.6190476190476,14.65685424949238,
Img000024.tif,195,5.0,2.5231325220201604,181.8,400.4,5.207106781186548,
Img000024.tif,199,5.0,2.5231325220201604,1009.4,404.6,4.207106781186548,
Img000025.tif,3,60.0,8.740387444736633,100.11666666666666,147.48333333333332,31.899494936611667,0.7409578449405075
Img000025.tif,4,145.0,13.58748446131949,186.66206896551725,155.78620689655173,66.21320343559643,0.4156125628219289
Img000025.tif,5,10.0,3.5682482323055424,98.6,160.7,9.207106781186548,
Img000025.tif,6,5.0,2.5231325220201604,105.2,160.8,4.414213562373095,
Img000025.tif,14,37.0,6.863662517577698,546.2162162162163,218.83783783783784,26.106601717798213,0.6821987209873095
Img000025.tif,15,44.0,7.48482063701911,1012.1590909090909,217.11363636363637,24.935028842544405,0.8892887344641504
Img000025.tif,19,78.0,9.965574970333758,1099.6538461538462,223.2051282051282,39.7634559672906,0.6199208169003301
Img000025.tif,22,56.0,8.444016491289505,1052.017857142857,226.96428571428572,40.72792206135786,0.42424173002751364
Img000025.tif,23,20.0,5.046265044040321,1065.2,227.7,16.65685424949238,
Img000025.tif,24,510.0,25.482389366284572,971.3980392156863,233.56470588235294,124.59797974644667,0.4128174423592267
Img000025.tif,27,65.0,9.09728368293446,1021.1692307692308,228.23076923076923,48.69238815542512,0.3445093950112499
Img000025.tif,28,112.0,11.941642642883693,1152.125,230.54464285714286,60.970562748477136,0.3786059890710543
Img000025.tif,31,68.0,9.304852983362556,1258.3088235294117,230.91176470588235,44.071067811865476,0.43995841637126437
Img000025.tif,34,11.0,3.742410318509555,1077.7272727272727,230.8181818181818,9.0,
Img000025.tif,36,39.0,7.046725639945928,1015.3076923076923,233.33333333333334,32.03553390593274,0.4775408612288181
Img000025.tif,40,17.0,4.652426491681278,1251.8823529411766,237.23529411764707,15.0,
Img000025.tif,46,133.0,13.013103375051497,940.3609022556391,248.17293233082708,56.62741699796952,0.5212043127165799
Img000025.tif,49,5.0,2.5231325220201604,452.0,247.6,5.414213562373095,
Img000025.tif,50,15.0,4.370193722368317,459.46666666666664,246.86666666666667,12.035533905932738,
Img000025.tif,53,59.0,8.667244841319219,1106.4237288135594,247.59322033898306,46.44974746830583,0.34363323546750585
Img000025.tif,58,491.0,25.003212122944625,239.21181262729124,260.74949083503054,222.29036790187178,0.12486768694312107
Img000025.tif,60,7.0,2.985410660720923,919.7142857142857,253.85714285714286,6.414213562373096,
Img000025.tif,63,6.0,2.763953195770684,944.8333333333334,254.33333333333334,5.0,
Img000025.tif,71,37.0,6.863662517577698,875.3243243243244,261.4054054054054,36.0,0.3587621240210566
Img000025.tif,74,43.0,7.399277020331919,1159.2093023255813,265.0232558139535,31.727922061357855,0.5367784346884095
Img000025.tif,80,5.0,2.5231325220201604,1136.8,267.8,4.207106781186548,
Img000025.tif,82,5.0,2.5231325220201604,515.0,268.0,3.0,
Img000025.tif,99,6.0,2.763953195770684,1075.8333333333333,273.3333333333333,5.0,
Img000025.tif,103,416.0,23.014509567006368,633.1875,281.4495192307692,121.11879502661797,0.35635274752901985
Img000025.tif,110,6.0,2.763953195770684,463.8333333333333,277.8333333333333,5.621320343559642,
Img000025.tif,114,9.0,3.385137501286538,1090.7777777777778,278.8888888888889,9.414213562373096,
Img000025.tif,129,8.0,3.1915382432114616,126.625,291.875,7.207106781186548,
Img000025.tif,133,6.0,2.763953195770684,408.5,290.6666666666667,5.207106781186548,
Img000025.tif,139,21.0,5.170882945826411,701.3809523809524,294.6190476190476,15.449747468305832,
Img000025.tif,146,5.0,2.5231325220201604,194.0,299.6,5.414213562373095,
Img000025.tif,149,5.0,2.5231325220201604,604.0,300.0,3.0,
Img000026.tif,3,357.0,21.320096563347295,846.0504201680673,200.11484593837534,89.14823227814082,0.5644852628839534
Img000026.tif,4,125.0,12.6156626101008,249.712,205.592,46.04163056034261,0.7410004736250831
Img000026.tif,5,1100.0,37.424103185095554,690.6227272727273,228.56181818181818,313.03657992645924,0.1410627574657911
Img000026.tif,8,8.0,3.1915382432114616,1124.0,217.5,7.207106781186548,
Img000026.tif,9,20.0,5.046265044040321,1009.65,218.9,17.621320343559642,
Img000026.tif,10,749.0,30.881327999401787,365.25901201602136,234.53671562082778,244.4386001800126,0.15752594939040296
Img000026.tif,11,59.0,8.667244841319219,973.8813559322034,222.74576271186442,39.55634918610404,0.47383754734989336
Img000026.tif,12,34.0,6.579524642479541,1025.5294117647059,221.47058823529412,33.41421356237309,0.38267165357973415
Img000026.tif,17,119.0,12.309163489997376,1063.2941176470588,230.94957983193277,56.21320343559643,0.47323859349109787
Img000026.tif,20,15.0,4.370193722368317,756.8666666666667,231.26666666666668,15.621320343559644,
Img000026.tif,22,56.0,8.444016491289505,336.67857142857144,237.23214285714286,36.935028842544405,0.5158471150546494
Img000026.tif,23,11.0,3.742410318509555,846.8181818181819,232.8181818181818,10.207106781186548,
Img000026.tif,24,195.0,15.756957549709801,1202.9692307692308,239.06153846153848,71.39087296526012,0.4807940564743125
Img000026.tif,32,9.0,3.385137501286538,150.11111111111111,242.0,6.0,
Img000026.tif,40,27.0,5.863230142835039,937.0,245.88888888888889,24.828427124746188,
Img000026.tif,42,100.0,11.283791670955125,685.05,248.01,50.42031021678297,0.4943093635335935
Img000026.tif,43,8.0,3.1915382432114616,330.625,248.125,5.207106781186548,
Img000026.tif,47,36.0,6.770275002573076,978.6666666666666,251.27777777777777,21.692388155425117,0.961385640082105
Img000026.tif,48,32.0,6.383076486422923,318.625,250.90625,25.071067811865476,0.6397557224343574
Img000026.tif,52,8.0,3.1915382432114616,721.0,251.625,8.414213562373096,
Img000026.tif,54,197.0,15.837556323903858,750.2944162436548,253.83248730964468,92.00609665440987,0.29244410927644704
Img000026.tif,55,15.0,4.370193722368317,1076.4,251.93333333333334,10.82842712474619,
Img000026.tif,65,5.0,2.5231325220201604,562.4,256.8,5.207106781186548,
Img000026.tif,66,7.0,2.985410660720923,566.0,256.7142857142857,6.82842712474619,
Img000026.tif,67,7.0,2.985410660720923,575.7142857142857,257.57142857142856,7.207106781186548,
Img000026.tif,68,8.0,3.1915382432114616,1191.125,260.5,7.207106781186548,
Img000026.tif,70,11.0,3.742410318509555,698.1818181818181,263.6363636363636,10.207106781186548,
Img000026.tif,71,41.0,7.225151993843567,711.3658536585366,264.9756097560976,30.035533905932738,0.5711142653683493
Img000026.tif,72,32.0,6.383076486422923,1038.4375,264.15625,25.242640687119284,0.6310885074922981
Img000026.tif,75,18.0,4.787307364817192,186.16666666666666,266.8888888888889,15.828427124746192,
Img000026.tif,76,274.0,18.677998695187732,666.1751824817518,272.8138686131387,114.14823227814082,0.2642542898135737
Img000026.tif,79,5.0,2.5231325220201604,318.4,270.2,5.207106781186548,
Img000026.tif,80,8.0,3.1915382432114616,176.875,272.125,8.414213562373096,
Img000026.tif,82,21.0,5.170882945826411,235.76190476190476,271.57142857142856,20.207106781186546,
Img000026.tif,84,5.0,2.5231325220201604,157.2,274.0,4.621320343559642,
Img000026.tif,85,6.0,2.763953195770684,171.83333333333334,272.3333333333333,5.0,
Img000026.tif,89,9.0,3.385137501286538,178.77777777777777,275.55555555555554,9.207106781186548,
Img000026.tif,91,6.0,2.763953195770684,172.66666666666666,277.1666666666667,5.0,
Img000026.tif,93,5.0,2.5231325220201604,184.2,276.6,3.2071067811865475,
Img000026.tif,94,7.0,2.985410660720923,188.0,276.57142857142856,5.207106781186548,
Img000026.tif,107,5.0,2.5231325220201604,608.6,281.2,5.207106781186548,
Img000026.tif,113,6.0,2.763953195770684,330.0,286.5,6.0,
Img000026.tif,115,310.0,19.867165345562018,1253.5354838709677,291.26451612903224,126.39087296526012,0.24385975374878746
Img000026.tif,116,6.0,2.763953195770684,81.5,290.0,6.0,
Img000026.tif,119,5.0,2.5231325220201604,417.0,292.0,5.656854249492381,
Img000026.tif,124,27.0,5.863230142835039,649.5555555555555,293.55555555555554,18.82842712474619,
Img000026.tif,128,19.0,4.918490759365935,636.2631578947369,294.63157894736844,15.621320343559642,
Img000026.tif,129,5.0,2.5231325220201604,227.0,296.0,3.0,
Img000026.tif,132,5.0,2.5231325220201604,290.2,298.0,5.621320343559642,
Img000026.tif,133,8.0,3.1915382432114616,293.375,299.25,7.621320343559642,
Img000026.tif,144,8.0,3.1915382432114616,327.0,311.25,7.82842712474619,
Img000026.tif,160,10.0,3.5682482323055424,540.6,382.2,8.035533905932738,
Img000026.tif,164,6.0,2.763953195770684,540.1666666666666,388.6666666666667,6.414213562373095,
Img000026.tif,166,66.0,9.166995688475081,1164.439393939394,387.77272727272725,35.86396103067893,0.644818206992583
Img000026.tif,167,16.0,4.51351666838205,535.875,391.6875,12.82842712474619,
Img000026.tif,171,36.0,6.770275002573076,1147.9444444444443,393.9166666666667,22.27817459305202,0.9114926236900122
Img000026.tif,174,9.0,3.385137501286538,63.77777777777778,393.77777777777777,9.621320343559642,
Img000026.tif,179,9.0,3.385137501286538,693.7777777777778,394.77777777777777,6.82842712474619,
Img000026.tif,185,260.0,18.19456736586892,558.9153846153846,412.3,99.29036790187178,0.33141256667576746
Img000026.tif,198,108.0,11.726460285670077,976.2037037037037,433.5,44.420310216782966,0.6878131032350421
Img000027.tif,2,41.0,7.225151993843567,36.09756097560975,81.09756097560975,27.692388155425117,0.6718508949991064
Img000027.tif,6,6.0,2.763953195770684,37.5,88.0,4.0,
Img000027.tif,8,13.0,4.068428945128219,1097.4615384615386,107.92307692307692,10.414213562373096,
Img000027.tif,10,25.0,5.641895835477563,1095.56,153.56,17.692388155425117,
Img000027.tif,12,5.0,2.5231325220201604,1098.4,160.0,4.621320343559642,
Img000027.tif,14,430.0,23.398568422792877,529.8813953488373,198.91162790697675,99.0477272147525,0.5507941140162016
Img000027.tif,15,295.0,19.38054864282415,1063.593220338983,198.87118644067797,117.87615433949868,0.2667963983882565
Img000027.tif,19,534.0,26.075082298788182,387.9082397003745,213.52059925093633,135.9827560572969,0.3628970542405876
Img000027.tif,20,82.0,10.217907939900583,80.53658536585365,211.3658536585366,44.349242404917504,0.5239035069774602
Img000027.tif,24,145.0,13.58748446131949,67.54482758620689,221.06896551724137,71.38477631085023,0.3575745990433773
Img000027.tif,25,7.0,2.985410660720923,79.85714285714286,217.57142857142858,6.207106781186548,
Img000027.tif,26,252.0,17.91246396432554,690.9484126984127,225.53968253968253,77.66295090390224,0.5250281975848271
Img000027.tif,29,71.0,9.507891862878783,774.2112676056338,224.04225352112675,45.9350288425444,0.4228440520307148
Img000027.tif,30,533.0,26.05065598682386,1038.9099437148218,231.98499061913697,130.49747468305833,0.39330807048231914
Img000027.tif,31,12.0,3.9088200952233594,74.66666666666667,226.91666666666666,9.242640687119284,
Img000027.tif,37,245.0,17.66192765414112,370.68979591836734,232.22040816326532,143.87615433949867,0.14872990696193347
Img000027.tif,38,7.0,2.985410660720923,1107.4285714285713,227.42857142857142,6.207106781186548,
Img000027.tif,39,95.0,10.998079684646791,1121.2105263157894,231.76842105263157,50.59188309203678,0.46641421705212477
Img000027.tif,41,25.0,5.641895835477563,734.08,229.4,23.035533905932738,
Img000027.tif,42,61.0,8.812923024107548,66.26229508196721,233.0327868852459,30.899494936611664,0.8028546692091449
Img000027.tif,44,8.0,3.1915382432114616,762.5,230.0,6.0,
Img000027.tif,45,24.0,5.527906391541368,32.416666666666664,234.83333333333334,18.621320343559642,
Img000027.tif,48,10.0,3.5682482323055424,78.5,236.1,10.82842712474619,
Img000027.tif,53,8.0,3.1915382432114616,105.125,237.25,6.82842712474619,
Img000027.tif,54,5.0,2.5231325220201604,397.8,236.4,5.207106781186548,
Img000027.tif,57,7.0,2.985410660720923,109.71428571428571,239.0,6.82842712474619,
Img000027.tif,59,138.0,13.255453865237978,649.0942028985507,244.14492753623188,62.90559159102155,0.43823841929130636
Img000027.tif,60,508.0,25.43237481489809,1125.8169291338584,247.74409448818898,160.12489168102786,0.2489750787281588
Img000027.tif,61,98.0,11.170383851240114,45.83673469387755,243.0,63.72792206135786,0.30323297295983004
Img000027.tif,62,12.0,3.9088200952233594,104.91666666666667,242.66666666666666,11.207106781186548,
Img000027.tif,64,272.0,18.609705966725112,328.06617647058823,250.90808823529412,130.63961030678928,0.20027604919145317
Img000027.tif,69,6.0,2.763953195770684,75.5,242.16666666666666,4.207106781186548,
Img000027.tif,71,399.0,22.539356209735228,8.385964912280702,256.11779448621553,135.6335136523794,0.2725515992556937
Img000027.tif,72,250.0,17.841241161527712,76.528,253.628,97.31980515339464,0.3317014814683609
Img000027.tif,79,19.0,4.918490759365935,966.0526315789474,249.31578947368422,16.27817459305202,
Img000027.tif,80,10.0,3.5682482323055424,1024.7,247.7,8.82842712474619,
Img000027.tif,82,6.0,2.763953195770684,1036.0,247.83333333333334,6.207106781186548,
Img000027.tif,84,7.0,2.985410660720923,505.2857142857143,248.85714285714286,5.414213562373095,
Img000027.tif,85,5.0,2.5231325220201604,641.0,248.0,3.0,
Img000027.tif,86,17.0,4.652426491681278,914.1176470588235,249.41176470588235,16.0,
Img000027.tif,89,6.0,2.763953195770684,873.6666666666666,252.5,6.414213562373095,
Img000027.tif,97,7.0,2.985410660720923,847.8571428571429,256.14285714285717,6.207106781186548,
Img000027.tif,98,15.0,4.370193722368317,855.8,257.26666666666665,12.82842712474619,
Img000027.tif,105,12.0,3.9088200952233594,969.6666666666666,262.0833333333333,10.86396103067893,
Img000027.tif,107,9.0,3.385137501286538,73.55555555555556,263.3333333333333,8.621320343559642,
Img000027.tif,113,23.0,5.4115163798060095,1171.5652173913043,270.1304347826087,14.035533905932738,
Img000027.tif,128,10.0,3.5682482323055424,414.1,278.6,9.0,
Img000027.tif,132,183.0,15.26443044094783,883.4371584699453,290.1912568306011,76.42031021678297,0.3937706668651279
Img000027.tif,133,5.0,2.5231325220201604,901.8,287.4,5.207106781186548,
Img000027.tif,137,11.0,3.742410318509555,417.1818181818182,292.45454545454544,9.82842712474619,
Img000027.tif,138,9.0,3.385137501286538,423.6666666666667,291.77777777777777,8.207106781186548,
Img000027.tif,148,5.0,2.5231325220201604,512.0,300.0,5.656854249492381,
Img000027.tif,158,9.0,3.385137501286538,1190.7777777777778,304.8888888888889,8.035533905932738,
Img000027.tif,162,7.0,2.985410660720923,887.4285714285714,307.2857142857143,6.0,
Img000027.tif,177,7.0,2.985410660720923,731.7142857142857,331.0,7.207106781186548,
Img000027.tif,178,8.0,3.1915382432114616,1217.875,335.25,8.621320343559642,
Img000027.tif,179,9.0,3.385137501286538,1223.111111111111,336.1111111111111,9.414213562373096,
Img000027.tif,187,6.0,2.763953195770684,1156.1666666666667,345.0,6.207106781186548,
Img000027.tif,193,11.0,3.742410318509555,1081.2727272727273,364.09090909090907,10.035533905932738,
Img000027.tif,194,6.0,2.763953195770684,183.66666666666666,375.8333333333333,6.414213562373095,
Img000027.tif,195,10.0,3.5682482323055424,1075.4,376.8,9.414213562373096,
Img000027.tif,203,5.0,2.5231325220201604,181.6,384.0,4.414213562373095,
Img000027.tif,210,7.0,2.985410660720923,251.0,392.0,7.414213562373095,
Img000027.tif,213,10.0,3.5682482323055424,256.6,392.9,7.414213562373095,
Img000027.tif,214,7.0,2.985410660720923,1077.142857142857,394.42857142857144,5.414213562373095,
Img000027.tif,222,31.0,6.282549314314218,757.2258064516129,399.35483870967744,26.449747468305834,0.5568375295418766
Img000027.tif,225,6.0,2.763953195770684,0.5,403.0,6.0,
Img000027.tif,228,14.0,4.222008245644752,822.9285714285714,405.14285714285717,13.035533905932738,
Img000027.tif,235,6.0,2.763953195770684,668.8333333333334,411.0,6.207106781186548,
Img000027.tif,238,43.0,7.399277020331919,652.953488372093,426.16279069767444,32.31370849898476,0.5174932790931578
Img000027.tif,241,6.0,2.763953195770684,654.1666666666666,431.3333333333333,5.207106781186548,
Img000027.tif,242,75.0,9.772050238058398,660.16,442.3466666666667,42.7634559672906,0.5153775963680246
Img000028.tif,3,39.0,7.046725639945928,801.7435897435897,150.46153846153845,29.692388155425117,0.5558840494159827
Img000028.tif,7,493.0,25.05408341078227,217.09330628803247,194.5395537525355,105.87615433949868,0.552663097245491
Img000028.tif,8,421.0,23.152404806704283,97.61995249406176,198.6769596199525,216.13098833543773,0.11325512949747964
Img000028.tif,9,275.0,18.712051592547777,753.4181818181818,195.0218181818182,97.80508652763321,0.36125983113516963
Img000028.tif,11,14.0,4.222008245644752,792.7857142857143,204.57142857142858,11.242640687119284,
Img000028.tif,12,5.0,2.5231325220201604,202.8,206.0,3.2071067811865475,
Img000028.tif,13,6.0,2.763953195770684,792.5,208.33333333333334,6.414213562373095,
Img000028.tif,17,77.0,9.901487006738307,790.3766233766233,215.42857142857142,35.14213562373095,0.7835095389672946
Img000028.tif,18,294.0,19.347672370394786,723.2414965986394,225.65986394557822,105.66904755831214,0.33087321282884646
Img000028.tif,19,5.0,2.5231325220201604,745.6,220.0,3.6213203435596424,
Img000028.tif,21,7.0,2.985410660720923,759.2857142857143,218.57142857142858,7.207106781186548,
Img000028.tif,22,101.0,11.340070282773887,82.32673267326733,223.92079207920793,49.42031021678298,0.5196612138434812
Img000028.tif,23,73.0,9.640875829802336,405.35616438356163,225.3972602739726,37.7634559672906,0.6432640182714059
Img000028.tif,26,15.0,4.370193722368317,741.5333333333333,223.2,11.82842712474619,
Img000028.tif,31,37.0,6.863662517577698,1139.1351351351352,225.75675675675674,20.86396103067893,1.06811511860438
Img000028.tif,34,125.0,12.6156626101008,632.208,230.384,56.83452377915607,0.48629009789009975
Img000028.tif,40,80.0,10.092530088080641,804.25,232.75,34.31370849898476,0.8538164855516379
Img000028.tif,42,9.0,3.385137501286538,471.44444444444446,233.11111111111111,7.621320343559642,
Img000028.tif,43,6.0,2.763953195770684,743.1666666666666,233.66666666666666,5.0,
Img000028.tif,45,9.0,3.385137501286538,411.55555555555554,234.88888888888889,7.0,
Img000028.tif,48,40.0,7.136496464611085,729.425,237.275,30.071067811865476,0.5558686167874555
Img000028.tif,54,7.0,2.985410660720923,696.0,238.71428571428572,6.82842712474619,
Img000028.tif,56,19.0,4.918490759365935,761.1578947368421,238.94736842105263,15.242640687119284,
Img000028.tif,57,196.0,15.797308339337176,356.06632653061223,247.49489795918367,66.07716446627535,0.5641091436221025
Img000028.tif,63,43.0,7.399277020331919,307.6046511627907,246.7906976744186,30.27817459305202,0.5894119568829183
Img000028.tif,64,165.0,14.494292838262302,643.6060606060606,252.11515151515152,68.07716446627536,0.44739475831520337
Img000028.tif,65,311.0,19.899183360445615,810.1350482315113,251.34726688102893,99.42640687119285,0.3953363636161001
Img000028.tif,67,10.0,3.5682482323055424,620.3,247.0,7.0,
Img000028.tif,68,36.0,6.770275002573076,748.7777777777778,247.08333333333334,26.44974746830583,0.6466500343066955
Img000028.tif,69,6.0,2.763953195770684,761.8333333333334,247.83333333333334,6.242640687119286,
Img000028.tif,70,42.0,7.312732791431452,776.8095238095239,248.4047619047619,27.242640687119284,0.7111492390731656
Img000028.tif,77,88.0,10.585134856802455,1034.7727272727273,250.3181818181818,58.3492424049175,0.3248045414226625
Img000028.tif,79,32.0,6.383076486422923,17.53125,251.03125,25.242640687119284,0.6310885074922981
Img000028.tif,83,58.0,8.593479713983122,601.2413793103449,252.55172413793105,41.14213562373095,0.4305902528593767
Img000028.tif,84,205.0,16.15593100600236,1263.0146341463415,256.4,76.17766952966369,0.4439237294613509
Img000028.tif,86,53.0,8.214724333230155,363.35849056603774,259.811320754717,30.520815280171306,0.7149793072908002
Img000028.tif,87,6.0,2.763953195770684,775.8333333333334,257.1666666666667,6.242640687119286,
Img000028.tif,98,9.0,3.385137501286538,815.0,262.8888888888889,7.414213562373095,
Img000028.tif,101,7.0,2.985410660720923,1103.142857142857,262.2857142857143,6.207106781186548,
Img000028.tif,103,127.0,12.716187407449045,287.9133858267717,265.8031496062992,85.10660171779821,0.2203368243401369
Img000028.tif,109,24.0,5.527906391541368,1099.7083333333333,266.8333333333333,23.31370849898476,
Img000028.tif,111,197.0,15.837556323903858,130.57868020304568,273.46700507614213,64.79898987322332,0.5895757585597073
Img000028.tif,118,22.0,5.292567428401227,873.3636363636364,273.77272727272725,16.035533905932738,
Img000028.tif,122,245.0,17.66192765414112,589.5918367346939,282.61224489795916,79.66295090390226,0.4851356268779928
Img000028.tif,132,9.0,3.385137501286538,954.2222222222222,280.1111111111111,6.242640687119285,
Img000028.tif,138,20.0,5.046265044040321,137.25,284.65,17.071067811865476,
Img000028.tif,142,7.0,2.985410660720923,1262.857142857143,284.2857142857143,6.207106781186548,
Img000028.tif,144,5.0,2.5231325220201604,102.2,286.4,5.207106781186548,
Img000028.tif,149,5.0,2.5231325220201604,1249.4,289.8,4.414213562373095,
Img000028.tif,153,12.0,3.9088200952233594,609.5,293.5833333333333,11.414213562373096,
Img000028.tif,161,6.0,2.763953195770684,1003.8333333333334,297.3333333333333,6.414213562373095,
Img000028.tif,164,9.0,3.385137501286538,873.6666666666666,300.6666666666667,9.035533905932738,
Img000028.tif,171,15.0,4.370193722368317,870.2,305.26666666666665,14.414213562373096,
Img000028.tif,172,7.0,2.985410660720923,880.0,306.2857142857143,6.82842712474619,
Img000028.tif,175,29.0,6.076507779746499,3.3793103448275863,311.9655172413793,22.86396103067893,
Img000028.tif,177,8.0,3.1915382432114616,52.125,312.625,6.621320343559642,
Img000028.tif,186,16.0,4.51351666838205,44.4375,324.1875,11.621320343559642,
Img000028.tif,230,17.0,4.652426491681278,317.3529411764706,396.3529411764706,15.485281374238571,
Img000028.tif,238,108.0,11.726460285670077,496.44444444444446,411.02777777777777,46.38477631085024,0.6307869303954109
Img000028.tif,240,9.0,3.385137501286538,364.0,408.8888888888889,8.621320343559642,
Img000028.tif,243,18.0,4.787307364817192,1053.388888888889,420.44444444444446,13.621320343559644,
Img000028.tif,244,55.0,8.368283871884005,531.0,422.6545454545454,31.9350288425444,0.6777006903648115
Img000028.tif,249,8.0,3.1915382432114616,39.125,455.5,7.414213562373096,
Img000029.tif,2,38.0,6.955796338302048,509.5263157894737,72.05263157894737,25.899494936611667,0.7118866858653876
Img000029.tif,3,383.0,22.082815618339236,509.85900783289816,138.39686684073106,96.63351365237939,0.5154103031409687
Img000029.tif,6,48.0,7.817640190446719,239.58333333333334,158.52083333333334,33.071067811865476,0.5515116182065827
Img000029.tif,7,5.0,2.5231325220201604,230.2,161.6,5.207106781186548,
Img000029.tif,11,433.0,23.480049464818542,435.35103926096997,202.9769053117783,146.8111831820431,0.25245238785072605
Img000029.tif,13,18.0,4.787307364817192,1197.0555555555557,193.77777777777777,15.071067811865476,
Img000029.tif,16,27.0,5.863230142835039,530.7407407407408,206.22222222222223,20.44974746830583,
Img000029.tif,17,6.0,2.763953195770684,1169.6666666666667,206.0,5.449747468305834,
Img000029.tif,20,128.0,12.766152972845846,131.0859375,219.875,74.90559159102153,0.2866760137711153
Img000029.tif,21,89.0,10.645107772184812,1272.6741573033707,216.85393258426967,44.9350288425444,0.5538980307112472
Img000029.tif,26,10.0,3.5682482323055424,789.7,216.8,8.82842712474619,
Img000029.tif,27,44.0,7.48482063701911,830.1363636363636,221.54545454545453,28.14213562373095,0.6981495093713058
Img000029.tif,30,90.0,10.704744696916627,197.0888888888889,220.42222222222222,54.798989873223334,0.3766233719304079
Img000029.tif,32,15.0,4.370193722368317,1145.6666666666667,219.06666666666666,13.207106781186548,
Img000029.tif,34,5.0,2.5231325220201604,17.8,220.4,5.207106781186548,
Img000029.tif,38,209.0,16.312788383647018,4.952153110047847,231.99521531100478,60.55634918610404,0.7162040638868019
Img000029.tif,39,13.0,4.068428945128219,126.23076923076923,224.76923076923077,11.071067811865476,
Img000029.tif,41,495.0,25.104851615652017,405.2909090909091,234.0848484848485,127.08326112068522,0.3851575018998902
Img000029.tif,42,62.0,8.884866446580956,1081.225806451613,227.5483870967742,48.14213562373095,0.33616372656222915
Img000029.tif,45,45.0,7.569397566060481,357.4,225.17777777777778,29.656854249492376,0.6429426148427831
Img000029.tif,47,60.0,8.740387444736633,1159.2833333333333,227.31666666666666,37.071067811865476,0.5486443646658414
Img000029.tif,51,5.0,2.5231325220201604,121.6,230.4,4.414213562373095,
Img000029.tif,53,12.0,3.9088200952233594,263.8333333333333,235.33333333333334,10.621320343559642,
Img000029.tif,54,27.0,5.863230142835039,269.25925925925924,235.44444444444446,18.863961030678926,
Img000029.tif,58,6.0,2.763953195770684,1104.5,234.0,4.0,
Img000029.tif,59,5.0,2.5231325220201604,425.0,238.0,3.0,
Img000029.tif,60,131.0,12.914889870235298,1201.0229007633588,239.38931297709922,62.10660171779821,0.42678154020515485
Img000029.tif,61,5.0,2.5231325220201604,274.2,239.2,4.82842712474619,
Img000029.tif,64,495.0,25.104851615652017,50.83232323232323,252.46868686868686,123.5685424949238,0.4073795411238815
Img000029.tif,65,94.0,10.940041919714261,605.0531914893617,244.06382978723406,50.14213562373095,0.4698206086627313
Img000029.tif,69,7.0,2.985410660720923,71.0,247.28571428571428,6.207106781186548,
Img000029.tif,75,6.0,2.763953195770684,741.5,251.0,4.0,
Img000029.tif,77,381.0,22.025082668269306,12.910761154855644,260.8031496062992,102.70458146424488,0.45389479806385963
Img000029.tif,84,19.0,4.918490759365935,991.7368421052631,257.1578947368421,15.621320343559644,
Img000029.tif,85,199.0,15.91774699517169,483.50251256281405,263.8391959798995,96.31980515339464,0.2695452914014337
Img000029.tif,88,320.0,20.185060176161283,951.2125,261.659375,139.8050865276332,0.20573770789038304
Img000029.tif,90,7.0,2.985410660720923,1028.0,260.42857142857144,5.414213562373095,
Img000029.tif,97,74.0,9.706684619910241,561.3648648648649,266.8378378378378,48.21320343559643,0.4000457004346104
Img000029.tif,105,29.0,6.076507779746499,913.0,267.7586206896552,24.621320343559645,
Img000029.tif,108,6.0,2.763953195770684,574.3333333333334,270.3333333333333,6.621320343559642,
Img000029.tif,110,237.0,17.371176474327626,721.8227848101266,274.042194092827,126.70458146424488,0.18551266856422177
Img000029.tif,115,30.0,6.180387232371033,927.6,272.6,28.828427124746188,0.4536168963086562
Img000029.tif,116,72.0,9.574614729634384,1153.111111111111,274.05555555555554,42.62741699796952,0.49792545120620746
Img000029.tif,132,11.0,3.742410318509555,1149.2727272727273,282.3636363636364,10.414213562373096,
Img000029.tif,138,5.0,2.5231325220201604,711.2,284.4,5.207106781186548,
Img000029.tif,144,7.0,2.985410660720923,547.2857142857143,290.7142857142857,5.82842712474619,
Img000029.tif,147,22.0,5.292567428401227,554.7272727272727,293.45454545454544,20.621320343559642,
Img000029.tif,156,6.0,2.763953195770684,203.66666666666666,302.1666666666667,6.414213562373095,
Img000029.tif,159,6.0,2.763953195770684,199.33333333333334,302.1666666666667,5.207106781186548,
Img000029.tif,164,6.0,2.763953195770684,1024.0,303.1666666666667,6.207106781186548,
Img000029.tif,168,14.0,4.222008245644752,983.2857142857143,308.57142857142856,12.414213562373096,
Img000029.tif,170,6.0,2.763953195770684,194.16666666666666,309.8333333333333,5.414213562373095,
Img000029.tif,172,137.0,13.207339536360731,997.9635036496351,315.9051094890511,95.14823227814082,0.19016429730653833
Img000029.tif,175,6.0,2.763953195770684,932.5,313.0,6.0,
Img000029.tif,181,7.0,2.985410660720923,1178.5714285714287,315.14285714285717,6.414213562373095,
Img000029.tif,182,5.0,2.5231325220201604,984.4,317.6,4.207106781186548,
Img000029.tif,191,6.0,2.763953195770684,255.0,329.5,6.0,
Img000029.tif,192,7.0,2.985410660720923,253.28571428571428,331.85714285714283,6.414213562373096,
Img000029.tif,194,12.0,3.9088200952233594,1018.1666666666666,335.25,10.242640687119284,
Img000029.tif,197,9.0,3.385137501286538,561.6666666666666,338.77777777777777,8.621320343559642,
Img000029.tif,229,11.0,3.742410318509555,522.9090909090909,376.09090909090907,10.863961030678928,
Img000029.tif,237,66.0,9.166995688475081,1252.4848484848485,390.42424242424244,37.798989873223334,0.5804882207088012
Img000029.tif,240,5.0,2.5231325220201604,1017.6,392.8,3.414213562373095,
Img000029.tif,246,92.0,10.823032759612019,1132.4239130434783,407.7717391304348,49.384776310850235,0.47403620151949305
Img000029.tif,256,27.0,5.863230142835039,217.37037037037038,432.51851851851853,24.82842712474619,
Img000029.tif,259,8.0,3.1915382432114616,209.5,435.5,8.0,
Img000030.tif,1,182.0,15.222667215103916,226.76373626373626,46.582417582417584,58.42031021678297,0.6701214729833656
Img000030.tif,2,205.0,16.15593100600236,170.90731707317073,118.39024390243902,66.07716446627535,0.5900121145027092
Img000030.tif,3,390.0,22.283703068536735,225.93333333333334,131.4102564102564,88.97665940288701,0.6190450831118712
Img000030.tif,4,12.0,3.9088200952233594,1.1666666666666667,149.0,10.621320343559642,
Img000030.tif,8,114.0,12.047792665040703,912.4912280701755,193.25438596491227,69.62741699796952,0.29549772855456935
Img000030.tif,9,99.0,11.227230955528665,274.04040404040404,198.44444444444446,59.04163056034261,0.35688506404191217
Img000030.tif,10,39.0,7.046725639945928,1234.1538461538462,195.02564102564102,30.727922061357855,0.519048673917364
Img000030.tif,13,72.0,9.574614729634384,888.1805555555555,199.73611111111111,37.72792206135786,0.6356478581638385
Img000030.tif,15,29.0,6.076507779746499,1020.9310344827586,200.24137931034483,20.242640687119284,
Img000030.tif,18,373.0,21.792621462004423,1211.6487935656837,212.80428954423593,165.9177848998413,0.17026791338800254
Img000030.tif,22,6.0,2.763953195770684,1022.5,207.33333333333334,5.414213562373095,
Img000030.tif,23,19.0,4.918490759365935,233.68421052631578,212.3684210526316,15.485281374238571,
Img000030.tif,26,361.0,21.43920417481474,517.3850415512466,216.86149584487535,109.11879502661796,0.38099383028016554
Img000030.tif,27,24.0,5.527906391541368,1015.8333333333334,211.45833333333334,19.82842712474619,
Img000030.tif,30,6.0,2.763953195770684,888.0,214.5,4.0,
Img000030.tif,32,14.0,4.222008245644752,826.0,221.07142857142858,12.207106781186548,
Img000030.tif,34,321.0,20.216574731145414,793.0311526479751,229.26791277258567,82.11269837220809,0.5982658981928617
Img000030.tif,38,85.0,10.403141895720198,1253.7882352941176,232.85882352941175,45.55634918610404,0.5146724998224045
Img000030.tif,39,10.0,3.5682482323055424,1267.0,229.7,10.207106781186548,
Img000030.tif,40,15.0,4.370193722368317,1240.8,232.93333333333334,12.449747468305832,
Img000030.tif,41,19.0,4.918490759365935,173.0,234.89473684210526,17.82842712474619,
Img000030.tif,46,8.0,3.1915382432114616,70.5,239.25,6.414213562373095,
Img000030.tif,50,33.0,6.4820448144285745,1256.5757575757575,244.75757575757575,27.692388155425117,0.5407580374383052
Img000030.tif,54,5.0,2.5231325220201604,371.6,247.8,4.414213562373095,
Img000030.tif,56,27.0,5.863230142835039,439.7037037037037,250.37037037037038,20.863961030678926,
Img000030.tif,57,131.0,12.914889870235298,871.8015267175573,251.93893129770993,67.79898987322332,0.3581250606172799
Img000030.tif,58,42.0,7.312732791431452,1047.0714285714287,253.92857142857142,24.692388155425114,0.8656313245138573
Img000030.tif,60,5.0,2.5231325220201604,290.0,252.2,3.2071067811865475,
Img000030.tif,69,137.0,13.207339536360731,830.3868613138686,259.3649635036496,90.21320343559643,0.21153889027744832
Img000030.tif,72,5.0,2.5231325220201604,48.4,258.8,5.207106781186548,
Img000030.tif,82,7.0,2.985410660720923,626.5714285714286,263.57142857142856,7.207106781186548,
Img000030.tif,83,5.0,2.5231325220201604,816.0,262.0,3.0,
Img000030.tif,93,7.0,2.985410660720923,814.8571428571429,265.0,6.207106781186548,
Img000030.tif,95,5.0,2.5231325220201604,917.8,265.6,5.207106781186548,
Img000030.tif,102,69.0,9.373021315815206,397.4492753623188,274.27536231884056,40.27817459305202,0.5344651529828494
Img000030.tif,103,10.0,3.5682482323055424,415.4,272.9,9.207106781186548,
Img000030.tif,104,10.0,3.5682482323055424,1195.5,274.1,8.035533905932738,
Img000030.tif,111,6.0,2.763953195770684,199.83333333333334,277.3333333333333,6.414213562373095,
Img000030.tif,116,31.0,6.282549314314218,1017.8064516129032,282.0967741935484,21.44974746830583,0.8466953814822119
Img000030.tif,118,7.0,2.985410660720923,1092.5714285714287,280.0,5.414213562373095,
Img000030.tif,119,13.0,4.068428945128219,1125.3846153846155,280.38461538461536,11.621320343559642,
Img000030.tif,124,409.0,22.820056393372074,1097.3814180929096,289.3031784841076,141.29036790187178,0.2574589893321485
Img000030.tif,130,62.0,8.884866446580956,620.8225806451613,289.80645161290323,45.9350288425444,0.3692441017733002
Img000030.tif,169,11.0,3.742410318509555,617.5454545454545,316.90909090909093,9.414213562373096,
Img000030.tif,191,5.0,2.5231325220201604,680.6,326.6,3.2071067811865475,
Img000030.tif,194,5.0,2.5231325220201604,841.0,329.0,5.414213562373095,
Img000030.tif,197,9.0,3.385137501286538,673.4444444444445,331.22222222222223,8.035533905932738,
Img000030.tif,204,6.0,2.763953195770684,167.33333333333334,345.0,4.207106781186548,
Img000030.tif,209,11.0,3.742410318509555,1039.8181818181818,347.09090909090907,10.035533905932738,
Img000030.tif,226,6.0,2.763953195770684,937.6666666666666,385.5,5.621320343559642,
Img000030.tif,227,7.0,2.985410660720923,942.2857142857143,385.2857142857143,7.414213562373095,
Img000030.tif,231,420.0,23.12489154112443,942.6666666666666,407.51190476190476,134.94722215136417,0.28982193793645206
Img000030.tif,246,204.0,16.11647812414279,424.0637254901961,421.1666666666667,81.18376618407356,0.3889570449072113
Img000030.tif,247,6.0,2.763953195770684,169.66666666666666,413.3333333333333,5.414213562373095,
